-- --------------------------------------------------------
-- Host:                         127.0.0.1
-- Server version:               10.6.7-MariaDB - mariadb.org binary distribution
-- Server OS:                    Win64
-- HeidiSQL Version:             11.3.0.6295
-- --------------------------------------------------------

/*!40101 SET @OLD_CHARACTER_SET_CLIENT=@@CHARACTER_SET_CLIENT */;
/*!40101 SET NAMES utf8 */;
/*!50503 SET NAMES utf8mb4 */;
/*!40014 SET @OLD_FOREIGN_KEY_CHECKS=@@FOREIGN_KEY_CHECKS, FOREIGN_KEY_CHECKS=0 */;
/*!40101 SET @OLD_SQL_MODE=@@SQL_MODE, SQL_MODE='NO_AUTO_VALUE_ON_ZERO' */;
/*!40111 SET @OLD_SQL_NOTES=@@SQL_NOTES, SQL_NOTES=0 */;


-- Dumping database structure for learning_application_db
CREATE DATABASE IF NOT EXISTS `learning_application_db` /*!40100 DEFAULT CHARACTER SET latin1 */;
USE `learning_application_db`;

-- Dumping structure for table learning_application_db.quizzes_tbl
CREATE TABLE IF NOT EXISTS `quizzes_tbl` (
  `quiz_uuid` varchar(36) NOT NULL DEFAULT uuid(),
  `title` varchar(50) NOT NULL,
  `topic_uuid` varchar(36) NOT NULL,
  PRIMARY KEY (`quiz_uuid`),
  KEY `TOPICFK` (`topic_uuid`),
  CONSTRAINT `TOPICFK` FOREIGN KEY (`topic_uuid`) REFERENCES `topics_tbl` (`topic_uuid`) ON DELETE CASCADE ON UPDATE CASCADE
) ENGINE=InnoDB DEFAULT CHARSET=latin1;

-- Dumping data for table learning_application_db.quizzes_tbl: ~2 rows (approximately)
/*!40000 ALTER TABLE `quizzes_tbl` DISABLE KEYS */;
INSERT INTO `quizzes_tbl` (`quiz_uuid`, `title`, `topic_uuid`) VALUES
	('034673cc-cdd5-11ec-ab05-00d861bb616d', 'Quiz #2', 'a047fe9f-cda1-11ec-ab05-00d861bb616d'),
	('242f5ca9-cda9-11ec-ab05-00d861bb616d', 'Quiz #1', 'a047fe9f-cda1-11ec-ab05-00d861bb616d'),
	('6260e208-d06e-11ec-a98b-00d861bb616d', 'Sinigang Quiz', '4a0f6567-d06e-11ec-a98b-00d861bb616d');
/*!40000 ALTER TABLE `quizzes_tbl` ENABLE KEYS */;

-- Dumping structure for table learning_application_db.quiz_choices_tbl
CREATE TABLE IF NOT EXISTS `quiz_choices_tbl` (
  `quiz_choices_uuid` varchar(36) NOT NULL DEFAULT uuid(),
  `text` longtext DEFAULT NULL,
  `quiz_question_uuid` varchar(36) DEFAULT NULL,
  `is_right` tinyint(1) NOT NULL DEFAULT 0,
  PRIMARY KEY (`quiz_choices_uuid`) USING BTREE,
  KEY `QUIZ_QUESTIONFK` (`quiz_question_uuid`),
  CONSTRAINT `QUIZ_QUESTIONFK` FOREIGN KEY (`quiz_question_uuid`) REFERENCES `quiz_questions_tbl` (`quiz_question_uuid`) ON DELETE CASCADE ON UPDATE CASCADE
) ENGINE=InnoDB DEFAULT CHARSET=latin1;

-- Dumping data for table learning_application_db.quiz_choices_tbl: ~21 rows (approximately)
/*!40000 ALTER TABLE `quiz_choices_tbl` DISABLE KEYS */;
INSERT INTO `quiz_choices_tbl` (`quiz_choices_uuid`, `text`, `quiz_question_uuid`, `is_right`) VALUES
	('3a9cec2f-cdba-11ec-ab05-00d861bb616d', 'Does not exist', '28acf3f7-797f-48e3-9018-0f116977d8db', 0),
	('3a9e69e6-cdba-11ec-ab05-00d861bb616d', '1', '28acf3f7-797f-48e3-9018-0f116977d8db', 0),
	('3aa00406-cdba-11ec-ab05-00d861bb616d', '0', '28acf3f7-797f-48e3-9018-0f116977d8db', 1),
	('3aab3ba2-cdba-11ec-ab05-00d861bb616d', '-1', '28acf3f7-797f-48e3-9018-0f116977d8db', 0),
	('5a9ee430-cdd5-11ec-ab05-00d861bb616d', '8', '19136da8-19d2-4644-a285-b31137cefbce', 0),
	('5aa3cf23-cdd5-11ec-ab05-00d861bb616d', '1', '19136da8-19d2-4644-a285-b31137cefbce', 0),
	('5aaf1027-cdd5-11ec-ab05-00d861bb616d', '12', '19136da8-19d2-4644-a285-b31137cefbce', 0),
	('5ab0aaf4-cdd5-11ec-ab05-00d861bb616d', '13', '19136da8-19d2-4644-a285-b31137cefbce', 1),
	('5ab24a50-cdd5-11ec-ab05-00d861bb616d', '0', '19136da8-19d2-4644-a285-b31137cefbce', 0),
	('775b3851-cdd5-11ec-ab05-00d861bb616d', 'pi', '79667c0d-debd-4610-bda3-fd5417dc08d2', 0),
	('7766794c-cdd5-11ec-ab05-00d861bb616d', 'pi^2', '79667c0d-debd-4610-bda3-fd5417dc08d2', 1),
	('7768147d-cdd5-11ec-ab05-00d861bb616d', '0', '79667c0d-debd-4610-bda3-fd5417dc08d2', 0),
	('7769aeb0-cdd5-11ec-ab05-00d861bb616d', '1', '79667c0d-debd-4610-bda3-fd5417dc08d2', 0),
	('868b9f5a-d06e-11ec-a98b-00d861bb616d', 'Mapait', '38be43f0-a7e9-494a-ae85-aa59c7cb1b5b', 0),
	('868d3350-d06e-11ec-a98b-00d861bb616d', 'Matamis', '38be43f0-a7e9-494a-ae85-aa59c7cb1b5b', 0),
	('868ecec5-d06e-11ec-a98b-00d861bb616d', 'Maasim', '38be43f0-a7e9-494a-ae85-aa59c7cb1b5b', 1),
	('86906b3f-d06e-11ec-a98b-00d861bb616d', 'Maalat', '38be43f0-a7e9-494a-ae85-aa59c7cb1b5b', 0),
	('fdeec6ed-cdc7-11ec-ab05-00d861bb616d', 'Aczell', '98def2fb-edc3-4f2b-8c37-a2e55e80104c', 1),
	('fdf9ff5f-cdc7-11ec-ab05-00d861bb616d', 'You', '98def2fb-edc3-4f2b-8c37-a2e55e80104c', 0),
	('fdfb9a5f-cdc7-11ec-ab05-00d861bb616d', 'Not Aczell', '98def2fb-edc3-4f2b-8c37-a2e55e80104c', 0),
	('fdfd3381-cdc7-11ec-ab05-00d861bb616d', 'Me', '98def2fb-edc3-4f2b-8c37-a2e55e80104c', 0);
/*!40000 ALTER TABLE `quiz_choices_tbl` ENABLE KEYS */;

-- Dumping structure for table learning_application_db.quiz_questions_tbl
CREATE TABLE IF NOT EXISTS `quiz_questions_tbl` (
  `quiz_question_uuid` varchar(36) NOT NULL DEFAULT uuid(),
  `text` longtext NOT NULL,
  `quiz_uuid` varchar(36) NOT NULL,
  PRIMARY KEY (`quiz_question_uuid`),
  KEY `QUIZFK` (`quiz_uuid`),
  CONSTRAINT `QUIZFK` FOREIGN KEY (`quiz_uuid`) REFERENCES `quizzes_tbl` (`quiz_uuid`) ON DELETE CASCADE ON UPDATE CASCADE
) ENGINE=InnoDB DEFAULT CHARSET=latin1;

-- Dumping data for table learning_application_db.quiz_questions_tbl: ~6 rows (approximately)
/*!40000 ALTER TABLE `quiz_questions_tbl` DISABLE KEYS */;
INSERT INTO `quiz_questions_tbl` (`quiz_question_uuid`, `text`, `quiz_uuid`) VALUES
	('19136da8-19d2-4644-a285-b31137cefbce', '<p><img src="https://www.quia.com/files/latex/663281_image.png"></p>\r\n<p>What is the limit of this function?</p>', '034673cc-cdd5-11ec-ab05-00d861bb616d'),
	('28acf3f7-797f-48e3-9018-0f116977d8db', '<p>What is the limit?</p>\r\n<p><img src="https://www.proprofs.com/api/ckeditor_ver4.4.0//plugins/ckeditor_wiris/integration/showimage.php?formula=9318832e956a91dd2f1b447c54747a23.png" alt=" - ProProfs"></p>', '242f5ca9-cda9-11ec-ab05-00d861bb616d'),
	('38be43f0-a7e9-494a-ae85-aa59c7cb1b5b', '<p>Ano lasa ng sinigang</p>', '6260e208-d06e-11ec-a98b-00d861bb616d'),
	('79667c0d-debd-4610-bda3-fd5417dc08d2', '<p><img src="https://www.quia.com/files/latex/663287_image.png"></p>', '034673cc-cdd5-11ec-ab05-00d861bb616d'),
	('98def2fb-edc3-4f2b-8c37-a2e55e80104c', '<p>Bonus question whos the cutest person in earth</p>', '242f5ca9-cda9-11ec-ab05-00d861bb616d');
/*!40000 ALTER TABLE `quiz_questions_tbl` ENABLE KEYS */;

-- Dumping structure for table learning_application_db.quiz_results_tbl
CREATE TABLE IF NOT EXISTS `quiz_results_tbl` (
  `quiz_result_uuid` varchar(36) NOT NULL DEFAULT uuid(),
  `total_score` int(11) NOT NULL DEFAULT 0,
  `max_score` int(11) NOT NULL,
  `user_uuid` varchar(36) NOT NULL,
  `quiz_uuid` varchar(36) NOT NULL,
  PRIMARY KEY (`quiz_result_uuid`),
  KEY `QUIZTAKERFK` (`user_uuid`),
  KEY `QUIZTAKENFK` (`quiz_uuid`),
  CONSTRAINT `QUIZTAKENFK` FOREIGN KEY (`quiz_uuid`) REFERENCES `quizzes_tbl` (`quiz_uuid`) ON DELETE NO ACTION ON UPDATE NO ACTION,
  CONSTRAINT `QUIZTAKERFK` FOREIGN KEY (`user_uuid`) REFERENCES `users_tbl` (`user_uuid`) ON DELETE CASCADE ON UPDATE CASCADE
) ENGINE=InnoDB DEFAULT CHARSET=latin1;

-- Dumping data for table learning_application_db.quiz_results_tbl: ~2 rows (approximately)
/*!40000 ALTER TABLE `quiz_results_tbl` DISABLE KEYS */;
INSERT INTO `quiz_results_tbl` (`quiz_result_uuid`, `total_score`, `max_score`, `user_uuid`, `quiz_uuid`) VALUES
	('7e6d8054-d06d-11ec-a98b-00d861bb616d', 1, 2, '6071bc0b-cc18-11ec-a798-00d861bb616d', '034673cc-cdd5-11ec-ab05-00d861bb616d'),
	('d422f03e-d06e-11ec-a98b-00d861bb616d', 1, 1, '6071bc0b-cc18-11ec-a798-00d861bb616d', '6260e208-d06e-11ec-a98b-00d861bb616d');
/*!40000 ALTER TABLE `quiz_results_tbl` ENABLE KEYS */;

-- Dumping structure for table learning_application_db.subjects_tbl
CREATE TABLE IF NOT EXISTS `subjects_tbl` (
  `subject_uuid` varchar(36) NOT NULL DEFAULT uuid(),
  `title` varchar(512) NOT NULL,
  `logo_src` varchar(512) DEFAULT NULL,
  `description` longtext NOT NULL,
  PRIMARY KEY (`subject_uuid`) USING BTREE
) ENGINE=InnoDB DEFAULT CHARSET=latin1;

-- Dumping data for table learning_application_db.subjects_tbl: ~6 rows (approximately)
/*!40000 ALTER TABLE `subjects_tbl` DISABLE KEYS */;
INSERT INTO `subjects_tbl` (`subject_uuid`, `title`, `logo_src`, `description`) VALUES
	('1c5650ba-cc26-11ec-a798-00d861bb616d', 'Science', '/Uploads/subject-33587-download.jpg', ''),
	('1e9033d1-cc26-11ec-a798-00d861bb616d', 'MAPEH', '/Uploads/subject-37435-194238563f8cc5a76ba6349fbbec338d.png', ''),
	('23fdb2ea-cc30-11ec-a798-00d861bb616d', 'Calculus', '/Uploads/subject-15604-main-qimg-16a98cddb17faaaf0378e714cb479ef9-lq.jpg', '<h3>hard subject</h3>\r\n<p>very hard subject</p>'),
	('2e5af722-cc26-11ec-a798-00d861bb616d', 'English', NULL, ''),
	('a8257bff-cc24-11ec-a798-00d861bb616d', 'Math', NULL, ''),
	('be421f24-d06d-11ec-a98b-00d861bb616d', 'RIPH', '/Uploads/subject-13074-IMG_4536.JPG', '<p><strong>dsakbddzxkc</strong></p>\r\n<p><em>cxz</em></p>\r\n<p>czxcjklzxhcjzxnlcxz</p>\r\n<p>czxczdasdlas</p>\r\n<p>jdslakdjas</p>\r\n<h1>dsadas</h1>\r\n<p>dasdas</p>\r\n<p><img src="https://icatcare.org/app/uploads/2018/07/Thinking-of-getting-a-cat.png" alt="Thinking of getting a cat? | International Cat Care"></p>\r\n<p>&nbsp;</p>');
/*!40000 ALTER TABLE `subjects_tbl` ENABLE KEYS */;

-- Dumping structure for table learning_application_db.topics_tbl
CREATE TABLE IF NOT EXISTS `topics_tbl` (
  `topic_uuid` varchar(36) NOT NULL DEFAULT uuid(),
  `title` varchar(128) NOT NULL,
  `description` longtext NOT NULL,
  `logo_src` varchar(1024) DEFAULT NULL,
  `subject_uuid` varchar(36) DEFAULT NULL,
  PRIMARY KEY (`topic_uuid`),
  KEY `SUBJECTFK` (`subject_uuid`),
  CONSTRAINT `SUBJECTFK` FOREIGN KEY (`subject_uuid`) REFERENCES `subjects_tbl` (`subject_uuid`) ON DELETE CASCADE ON UPDATE CASCADE
) ENGINE=InnoDB DEFAULT CHARSET=latin1;

-- Dumping data for table learning_application_db.topics_tbl: ~3 rows (approximately)
/*!40000 ALTER TABLE `topics_tbl` DISABLE KEYS */;
INSERT INTO `topics_tbl` (`topic_uuid`, `title`, `description`, `logo_src`, `subject_uuid`) VALUES
	('4a0f6567-d06e-11ec-a98b-00d861bb616d', 'Sinigang', '<p>Sinigang is a sour soup native to the Philippines. This recipe uses pork as the main ingredient. Other proteins and seafood can also be used. Beef, shrimp, fish are commonly used to cook sinigang. The chicken version, on the other hand, is called&nbsp;<a href="https://panlasangpinoy.com/how-to-cook-sinampalukang-manok/">sinampalukang manok</a>. I prefer to use either pork belly or buto-buto when cooking sinigang. The latter refers to cuts with bones intact. These are either pork neck bones, chopped spare ribs, and chopped baby back ribs. Pork shoulder and ham can also be used when cooking sinigang</p>\r\n<p>The quality of this dish depends on the souring agent. This is the ingredient that makes the soup sour. The most common and widely used is unripe tamarind. It is known as sampaloc in the Philippines. Other fruits such as guava, tomato, bilimbi or kamias, green mango, pineapple, and wild mangosteen or santol can be used to make the sinigang taste sour.</p>\r\n<p>I grew-up eating pork sinigang at least once a week with a saucer of fish sauce and crushed siling labuyo on the side as my dipping sauce. During rainy days, I enjoy my sinigang&nbsp; meal with rice and a few pieces of fried tuyo. These are small fish that were salted and dried under the sun. It is a good combination as far as I am concerned.</p>\r\n<div id="panla-270278390" class="panla-recipe-after-p3-mobile">\r\n<div id="pp_desktop_content_mid" class="pg-loaded" data-google-query-id="COHb3sST1fcCFfuC6QUdeWYF7Q">\r\n<div>\r\n<div class="pg-ad-label">ADVERTISEMENT</div>\r\n</div>\r\n</div>\r\n</div>', '\\Uploads\\topic-13427-Sinigang-Recipe.jpg', 'be421f24-d06d-11ec-a98b-00d861bb616d'),
	('5e91f008-cdd4-11ec-ab05-00d861bb616d', 'stupidly cute', '<p>sailor no fuku wo nihonjin no onnanoko ha kawaii desu ne</p>', '\\Uploads\\topic-89077-FRB6p9xUcAE-W6q.jpg', '1c5650ba-cc26-11ec-a798-00d861bb616d'),
	('a047fe9f-cda1-11ec-ab05-00d861bb616d', 'Introduction to Limits', '<p class="lt-math-4150">We begin our study of&nbsp;<em>limits</em>&nbsp;by considering examples that demonstrate key concepts that will be explained as we progress.</p>\r\n<p class="lt-math-4150">Consider the function&nbsp;<span id="MathJax-Element-33-Frame" class="MathJax" style="display: inline-table; font-style: normal; font-weight: normal; line-height: normal; font-size: 17.6px; text-indent: 0px; text-align: left; text-transform: none; letter-spacing: normal; word-spacing: normal; overflow-wrap: normal; white-space: nowrap; float: none; direction: ltr; max-width: none; max-height: none; min-width: 0px; min-height: 0px; border: 0px; padding: 0px; margin: 0px; position: relative;" tabindex="0" role="presentation" data-mathml="&lt;math xmlns=&quot;http://www.w3.org/1998/Math/MathML&quot;&gt;&lt;mi&gt;y&lt;/mi&gt;&lt;mo&gt;=&lt;/mo&gt;&lt;mfrac&gt;&lt;mrow&gt;&lt;mi&gt;sin&lt;/mi&gt;&lt;mo&gt;&amp;#x2061;&lt;/mo&gt;&lt;mi&gt;x&lt;/mi&gt;&lt;/mrow&gt;&lt;mi&gt;x&lt;/mi&gt;&lt;/mfrac&gt;&lt;/math&gt;"><span id="MathJax-Span-65" class="math"><span id="MathJax-Span-66" class="mrow"><span id="MathJax-Span-67" class="mi">y</span><span id="MathJax-Span-68" class="mo">=</span><span id="MathJax-Span-69" class="mfrac"><span id="MathJax-Span-70" class="mrow"><span id="MathJax-Span-71" class="mi">sin</span><span id="MathJax-Span-72" class="mo"></span><span id="MathJax-Span-73" class="mi">x</span></span><span id="MathJax-Span-74" class="mi">x</span></span></span></span><span class="MJX_Assistive_MathML" role="presentation">y=sin?xx</span></span>. When&nbsp;<span id="MathJax-Element-34-Frame" class="MathJax" style="display: inline-table; font-style: normal; font-weight: normal; line-height: normal; font-size: 17.6px; text-indent: 0px; text-align: left; text-transform: none; letter-spacing: normal; word-spacing: normal; overflow-wrap: normal; white-space: nowrap; float: none; direction: ltr; max-width: none; max-height: none; min-width: 0px; min-height: 0px; border: 0px; padding: 0px; margin: 0px; position: relative;" tabindex="0" role="presentation" data-mathml="&lt;math xmlns=&quot;http://www.w3.org/1998/Math/MathML&quot;&gt;&lt;mi&gt;x&lt;/mi&gt;&lt;/math&gt;"><span id="MathJax-Span-75" class="math"><span id="MathJax-Span-76" class="mrow"><span id="MathJax-Span-77" class="mi">x</span></span></span><span class="MJX_Assistive_MathML" role="presentation">x</span></span>&nbsp;is near the value 1, what value (if any) is&nbsp;<span id="MathJax-Element-35-Frame" class="MathJax" style="display: inline-table; font-style: normal; font-weight: normal; line-height: normal; font-size: 17.6px; text-indent: 0px; text-align: left; text-transform: none; letter-spacing: normal; word-spacing: normal; overflow-wrap: normal; white-space: nowrap; float: none; direction: ltr; max-width: none; max-height: none; min-width: 0px; min-height: 0px; border: 0px; padding: 0px; margin: 0px; position: relative;" tabindex="0" role="presentation" data-mathml="&lt;math xmlns=&quot;http://www.w3.org/1998/Math/MathML&quot;&gt;&lt;mi&gt;y&lt;/mi&gt;&lt;/math&gt;"><span id="MathJax-Span-78" class="math"><span id="MathJax-Span-79" class="mrow"><span id="MathJax-Span-80" class="mi">y</span></span></span><span class="MJX_Assistive_MathML" role="presentation">y</span></span>&nbsp;near?</p>\r\n<p class="lt-math-4150">While our question is not precisely formed (what constitutes "near the value 1\'\'?), the answer does not seem difficult to find. One might think first to look at a graph of this function to approximate the appropriate&nbsp;<span id="MathJax-Element-36-Frame" class="MathJax" style="display: inline-table; font-style: normal; font-weight: normal; line-height: normal; font-size: 17.6px; text-indent: 0px; text-align: left; text-transform: none; letter-spacing: normal; word-spacing: normal; overflow-wrap: normal; white-space: nowrap; float: none; direction: ltr; max-width: none; max-height: none; min-width: 0px; min-height: 0px; border: 0px; padding: 0px; margin: 0px; position: relative;" tabindex="0" role="presentation" data-mathml="&lt;math xmlns=&quot;http://www.w3.org/1998/Math/MathML&quot;&gt;&lt;mi&gt;y&lt;/mi&gt;&lt;/math&gt;"><span id="MathJax-Span-81" class="math"><span id="MathJax-Span-82" class="mrow"><span id="MathJax-Span-83" class="mi">y</span></span></span><span class="MJX_Assistive_MathML" role="presentation">y</span></span>&nbsp;values.</p>\r\n<p class="lt-math-4150">Consider Figure 1, where&nbsp;<span id="MathJax-Element-37-Frame" class="MathJax" style="display: inline-table; font-style: normal; font-weight: normal; line-height: normal; font-size: 17.6px; text-indent: 0px; text-align: left; text-transform: none; letter-spacing: normal; word-spacing: normal; overflow-wrap: normal; white-space: nowrap; float: none; direction: ltr; max-width: none; max-height: none; min-width: 0px; min-height: 0px; border: 0px; padding: 0px; margin: 0px; position: relative;" tabindex="0" role="presentation" data-mathml="&lt;math xmlns=&quot;http://www.w3.org/1998/Math/MathML&quot;&gt;&lt;mi&gt;y&lt;/mi&gt;&lt;mo&gt;=&lt;/mo&gt;&lt;mfrac&gt;&lt;mrow&gt;&lt;mi&gt;sin&lt;/mi&gt;&lt;mo&gt;&amp;#x2061;&lt;/mo&gt;&lt;mi&gt;x&lt;/mi&gt;&lt;/mrow&gt;&lt;mi&gt;x&lt;/mi&gt;&lt;/mfrac&gt;&lt;/math&gt;"><span id="MathJax-Span-84" class="math"><span id="MathJax-Span-85" class="mrow"><span id="MathJax-Span-86" class="mi">y</span><span id="MathJax-Span-87" class="mo">=</span><span id="MathJax-Span-88" class="mfrac"><span id="MathJax-Span-89" class="mrow"><span id="MathJax-Span-90" class="mi">sin</span><span id="MathJax-Span-91" class="mo"></span><span id="MathJax-Span-92" class="mi">x</span></span><span id="MathJax-Span-93" class="mi">x</span></span></span></span><span class="MJX_Assistive_MathML" role="presentation">y=sin?xx</span></span>&nbsp;is graphed. For values of&nbsp;<span id="MathJax-Element-38-Frame" class="MathJax" style="display: inline-table; font-style: normal; font-weight: normal; line-height: normal; font-size: 17.6px; text-indent: 0px; text-align: left; text-transform: none; letter-spacing: normal; word-spacing: normal; overflow-wrap: normal; white-space: nowrap; float: none; direction: ltr; max-width: none; max-height: none; min-width: 0px; min-height: 0px; border: 0px; padding: 0px; margin: 0px; position: relative;" tabindex="0" role="presentation" data-mathml="&lt;math xmlns=&quot;http://www.w3.org/1998/Math/MathML&quot;&gt;&lt;mi&gt;x&lt;/mi&gt;&lt;/math&gt;"><span id="MathJax-Span-94" class="math"><span id="MathJax-Span-95" class="mrow"><span id="MathJax-Span-96" class="mi">x</span></span></span><span class="MJX_Assistive_MathML" role="presentation">x</span></span>&nbsp;near 1, it seems that&nbsp;<span id="MathJax-Element-39-Frame" class="MathJax" style="display: inline-table; font-style: normal; font-weight: normal; line-height: normal; font-size: 17.6px; text-indent: 0px; text-align: left; text-transform: none; letter-spacing: normal; word-spacing: normal; overflow-wrap: normal; white-space: nowrap; float: none; direction: ltr; max-width: none; max-height: none; min-width: 0px; min-height: 0px; border: 0px; padding: 0px; margin: 0px; position: relative;" tabindex="0" role="presentation" data-mathml="&lt;math xmlns=&quot;http://www.w3.org/1998/Math/MathML&quot;&gt;&lt;mi&gt;y&lt;/mi&gt;&lt;/math&gt;"><span id="MathJax-Span-97" class="math"><span id="MathJax-Span-98" class="mrow"><span id="MathJax-Span-99" class="mi">y</span></span></span><span class="MJX_Assistive_MathML" role="presentation">y</span></span>&nbsp;takes on values near&nbsp;<span id="MathJax-Element-40-Frame" class="MathJax" style="display: inline-table; font-style: normal; font-weight: normal; line-height: normal; font-size: 17.6px; text-indent: 0px; text-align: left; text-transform: none; letter-spacing: normal; word-spacing: normal; overflow-wrap: normal; white-space: nowrap; float: none; direction: ltr; max-width: none; max-height: none; min-width: 0px; min-height: 0px; border: 0px; padding: 0px; margin: 0px; position: relative;" tabindex="0" role="presentation" data-mathml="&lt;math xmlns=&quot;http://www.w3.org/1998/Math/MathML&quot;&gt;&lt;mn&gt;0.85&lt;/mn&gt;&lt;/math&gt;"><span id="MathJax-Span-100" class="math"><span id="MathJax-Span-101" class="mrow"><span id="MathJax-Span-102" class="mn">0.85</span></span></span><span class="MJX_Assistive_MathML" role="presentation">0.85</span></span>. In fact, when&nbsp;<span id="MathJax-Element-41-Frame" class="MathJax" style="display: inline-table; font-style: normal; font-weight: normal; line-height: normal; font-size: 17.6px; text-indent: 0px; text-align: left; text-transform: none; letter-spacing: normal; word-spacing: normal; overflow-wrap: normal; white-space: nowrap; float: none; direction: ltr; max-width: none; max-height: none; min-width: 0px; min-height: 0px; border: 0px; padding: 0px; margin: 0px; position: relative;" tabindex="0" role="presentation" data-mathml="&lt;math xmlns=&quot;http://www.w3.org/1998/Math/MathML&quot;&gt;&lt;mi&gt;x&lt;/mi&gt;&lt;mo&gt;=&lt;/mo&gt;&lt;mn&gt;1&lt;/mn&gt;&lt;/math&gt;"><span id="MathJax-Span-103" class="math"><span id="MathJax-Span-104" class="mrow"><span id="MathJax-Span-105" class="mi">x</span><span id="MathJax-Span-106" class="mo">=</span><span id="MathJax-Span-107" class="mn">1</span></span></span><span class="MJX_Assistive_MathML" role="presentation">x=1</span></span>, then&nbsp;<span id="MathJax-Element-42-Frame" class="MathJax" style="display: inline-table; font-style: normal; font-weight: normal; line-height: normal; font-size: 17.6px; text-indent: 0px; text-align: left; text-transform: none; letter-spacing: normal; word-spacing: normal; overflow-wrap: normal; white-space: nowrap; float: none; direction: ltr; max-width: none; max-height: none; min-width: 0px; min-height: 0px; border: 0px; padding: 0px; margin: 0px; position: relative;" tabindex="0" role="presentation" data-mathml="&lt;math xmlns=&quot;http://www.w3.org/1998/Math/MathML&quot;&gt;&lt;mi&gt;y&lt;/mi&gt;&lt;mo&gt;=&lt;/mo&gt;&lt;mfrac&gt;&lt;mrow&gt;&lt;mi&gt;sin&lt;/mi&gt;&lt;mo&gt;&amp;#x2061;&lt;/mo&gt;&lt;mn&gt;1&lt;/mn&gt;&lt;/mrow&gt;&lt;mn&gt;1&lt;/mn&gt;&lt;/mfrac&gt;&lt;mo&gt;&amp;#x2248;&lt;/mo&gt;&lt;mn&gt;0.84&lt;/mn&gt;&lt;/math&gt;"><span id="MathJax-Span-108" class="math"><span id="MathJax-Span-109" class="mrow"><span id="MathJax-Span-110" class="mi">y</span><span id="MathJax-Span-111" class="mo">=</span><span id="MathJax-Span-112" class="mfrac"><span id="MathJax-Span-113" class="mrow"><span id="MathJax-Span-114" class="mi">sin</span><span id="MathJax-Span-115" class="mo"></span><span id="MathJax-Span-116" class="mn">1</span></span><span id="MathJax-Span-117" class="mn">1</span></span><span id="MathJax-Span-118" class="mo">&asymp;</span><span id="MathJax-Span-119" class="mn">0.84</span></span></span><span class="MJX_Assistive_MathML" role="presentation">y=sin?11&asymp;0.84</span></span>, so it makes sense that when&nbsp;<span id="MathJax-Element-43-Frame" class="MathJax" style="display: inline-table; font-style: normal; font-weight: normal; line-height: normal; font-size: 17.6px; text-indent: 0px; text-align: left; text-transform: none; letter-spacing: normal; word-spacing: normal; overflow-wrap: normal; white-space: nowrap; float: none; direction: ltr; max-width: none; max-height: none; min-width: 0px; min-height: 0px; border: 0px; padding: 0px; margin: 0px; position: relative;" tabindex="0" role="presentation" data-mathml="&lt;math xmlns=&quot;http://www.w3.org/1998/Math/MathML&quot;&gt;&lt;mi&gt;x&lt;/mi&gt;&lt;/math&gt;"><span id="MathJax-Span-120" class="math"><span id="MathJax-Span-121" class="mrow"><span id="MathJax-Span-122" class="mi">x</span></span></span><span class="MJX_Assistive_MathML" role="presentation">x</span></span>&nbsp;is "near\'\' 1,&nbsp;<span id="MathJax-Element-44-Frame" class="MathJax" style="display: inline-table; font-style: normal; font-weight: normal; line-height: normal; font-size: 17.6px; text-indent: 0px; text-align: left; text-transform: none; letter-spacing: normal; word-spacing: normal; overflow-wrap: normal; white-space: nowrap; float: none; direction: ltr; max-width: none; max-height: none; min-width: 0px; min-height: 0px; border: 0px; padding: 0px; margin: 0px; position: relative;" tabindex="0" role="presentation" data-mathml="&lt;math xmlns=&quot;http://www.w3.org/1998/Math/MathML&quot;&gt;&lt;mi&gt;y&lt;/mi&gt;&lt;/math&gt;"><span id="MathJax-Span-123" class="math"><span id="MathJax-Span-124" class="mrow"><span id="MathJax-Span-125" class="mi">y</span></span></span><span class="MJX_Assistive_MathML" role="presentation">y</span></span>&nbsp;will be "near\'\'&nbsp;<span id="MathJax-Element-45-Frame" class="MathJax" style="display: inline-table; font-style: normal; font-weight: normal; line-height: normal; font-size: 17.6px; text-indent: 0px; text-align: left; text-transform: none; letter-spacing: normal; word-spacing: normal; overflow-wrap: normal; white-space: nowrap; float: none; direction: ltr; max-width: none; max-height: none; min-width: 0px; min-height: 0px; border: 0px; padding: 0px; margin: 0px; position: relative;" tabindex="0" role="presentation" data-mathml="&lt;math xmlns=&quot;http://www.w3.org/1998/Math/MathML&quot;&gt;&lt;mn&gt;0.84&lt;/mn&gt;&lt;/math&gt;"><span id="MathJax-Span-126" class="math"><span id="MathJax-Span-127" class="mrow"><span id="MathJax-Span-128" class="mn">0.84</span></span></span><span class="MJX_Assistive_MathML" role="presentation">0.84</span></span>.</p>\r\n<p class="mt-align-center lt-math-4150"><img class="internal" src="https://math.libretexts.org/@api/deki/files/3506/1.1.png?revision=1&amp;size=bestfit&amp;width=377&amp;height=299" alt="alt" width="377px" height="299px" loading="lazy"><br><span id="MathJax-Element-46-Frame" class="MathJax" style="display: inline-table; font-style: normal; font-weight: normal; line-height: normal; font-size: 17.6px; text-indent: 0px; text-align: left; text-transform: none; letter-spacing: normal; word-spacing: normal; overflow-wrap: normal; white-space: nowrap; float: none; direction: ltr; max-width: none; max-height: none; min-width: 0px; min-height: 0px; border: 0px; padding: 0px; margin: 0px; position: relative;" tabindex="0" role="presentation" data-mathml="&lt;math xmlns=&quot;http://www.w3.org/1998/Math/MathML&quot;&gt;&lt;mtext&gt;FIGURE 1.1&lt;/mtext&gt;&lt;/math&gt;"><span id="MathJax-Span-129" class="math"><span id="MathJax-Span-130" class="mrow"><span id="MathJax-Span-131" class="mtext">FIGURE 1.1</span></span></span><span class="MJX_Assistive_MathML" role="presentation">FIGURE 1.1</span></span>:<span id="MathJax-Element-47-Frame" class="MathJax" style="display: inline-table; font-style: normal; font-weight: normal; line-height: normal; font-size: 17.6px; text-indent: 0px; text-align: left; text-transform: none; letter-spacing: normal; word-spacing: normal; overflow-wrap: normal; white-space: nowrap; float: none; direction: ltr; max-width: none; max-height: none; min-width: 0px; min-height: 0px; border: 0px; padding: 0px; margin: 0px; position: relative;" tabindex="0" role="presentation" data-mathml="&lt;math xmlns=&quot;http://www.w3.org/1998/Math/MathML&quot;&gt;&lt;mi&gt;sin&lt;/mi&gt;&lt;mo&gt;&amp;#x2061;&lt;/mo&gt;&lt;mo stretchy=&quot;false&quot;&gt;(&lt;/mo&gt;&lt;mi&gt;x&lt;/mi&gt;&lt;mo stretchy=&quot;false&quot;&gt;)&lt;/mo&gt;&lt;mrow class=&quot;MJX-TeXAtom-ORD&quot;&gt;&lt;mo&gt;/&lt;/mo&gt;&lt;/mrow&gt;&lt;mi&gt;x&lt;/mi&gt;&lt;mtext&gt;&amp;#xA0;near&amp;#xA0;&lt;/mtext&gt;&lt;mi&gt;x&lt;/mi&gt;&lt;mo&gt;=&lt;/mo&gt;&lt;mn&gt;1.&lt;/mn&gt;&lt;/math&gt;"><span id="MathJax-Span-132" class="math"><span id="MathJax-Span-133" class="mrow"><span id="MathJax-Span-134" class="mi">sin</span><span id="MathJax-Span-135" class="mo"></span><span id="MathJax-Span-136" class="mo">(</span><span id="MathJax-Span-137" class="mi">x</span><span id="MathJax-Span-138" class="mo">)</span><span id="MathJax-Span-139" class="texatom"><span id="MathJax-Span-140" class="mrow"><span id="MathJax-Span-141" class="mo">/</span></span></span><span id="MathJax-Span-142" class="mi">x</span><span id="MathJax-Span-143" class="mtext">&nbsp;near&nbsp;</span><span id="MathJax-Span-144" class="mi">x</span><span id="MathJax-Span-145" class="mo">=</span><span id="MathJax-Span-146" class="mn">1.</span></span></span><span class="MJX_Assistive_MathML" role="presentation">sin?(x)/x&nbsp;near&nbsp;x=1.</span></span></p>\r\n<p class="lt-math-4150">Consider this again at a different value for&nbsp;<span id="MathJax-Element-48-Frame" class="MathJax" style="display: inline-table; font-style: normal; font-weight: normal; line-height: normal; font-size: 17.6px; text-indent: 0px; text-align: left; text-transform: none; letter-spacing: normal; word-spacing: normal; overflow-wrap: normal; white-space: nowrap; float: none; direction: ltr; max-width: none; max-height: none; min-width: 0px; min-height: 0px; border: 0px; padding: 0px; margin: 0px; position: relative;" tabindex="0" role="presentation" data-mathml="&lt;math xmlns=&quot;http://www.w3.org/1998/Math/MathML&quot;&gt;&lt;mi&gt;x&lt;/mi&gt;&lt;/math&gt;"><span id="MathJax-Span-147" class="math"><span id="MathJax-Span-148" class="mrow"><span id="MathJax-Span-149" class="mi">x</span></span></span><span class="MJX_Assistive_MathML" role="presentation">x</span></span>. When&nbsp;<span id="MathJax-Element-49-Frame" class="MathJax" style="display: inline-table; font-style: normal; font-weight: normal; line-height: normal; font-size: 17.6px; text-indent: 0px; text-align: left; text-transform: none; letter-spacing: normal; word-spacing: normal; overflow-wrap: normal; white-space: nowrap; float: none; direction: ltr; max-width: none; max-height: none; min-width: 0px; min-height: 0px; border: 0px; padding: 0px; margin: 0px; position: relative;" tabindex="0" role="presentation" data-mathml="&lt;math xmlns=&quot;http://www.w3.org/1998/Math/MathML&quot;&gt;&lt;mi&gt;x&lt;/mi&gt;&lt;/math&gt;"><span id="MathJax-Span-150" class="math"><span id="MathJax-Span-151" class="mrow"><span id="MathJax-Span-152" class="mi">x</span></span></span><span class="MJX_Assistive_MathML" role="presentation">x</span></span>&nbsp;is near 0, what value (if any) is&nbsp;<span id="MathJax-Element-50-Frame" class="MathJax" style="display: inline-table; font-style: normal; font-weight: normal; line-height: normal; font-size: 17.6px; text-indent: 0px; text-align: left; text-transform: none; letter-spacing: normal; word-spacing: normal; overflow-wrap: normal; white-space: nowrap; float: none; direction: ltr; max-width: none; max-height: none; min-width: 0px; min-height: 0px; border: 0px; padding: 0px; margin: 0px; position: relative;" tabindex="0" role="presentation" data-mathml="&lt;math xmlns=&quot;http://www.w3.org/1998/Math/MathML&quot;&gt;&lt;mi&gt;y&lt;/mi&gt;&lt;/math&gt;"><span id="MathJax-Span-153" class="math"><span id="MathJax-Span-154" class="mrow"><span id="MathJax-Span-155" class="mi">y</span></span></span><span class="MJX_Assistive_MathML" role="presentation">y</span></span>&nbsp;near? By considering Figure 1.2, one can see that it seems that&nbsp;<span id="MathJax-Element-51-Frame" class="MathJax" style="display: inline-table; font-style: normal; font-weight: normal; line-height: normal; font-size: 17.6px; text-indent: 0px; text-align: left; text-transform: none; letter-spacing: normal; word-spacing: normal; overflow-wrap: normal; white-space: nowrap; float: none; direction: ltr; max-width: none; max-height: none; min-width: 0px; min-height: 0px; border: 0px; padding: 0px; margin: 0px; position: relative;" tabindex="0" role="presentation" data-mathml="&lt;math xmlns=&quot;http://www.w3.org/1998/Math/MathML&quot;&gt;&lt;mi&gt;y&lt;/mi&gt;&lt;/math&gt;"><span id="MathJax-Span-156" class="math"><span id="MathJax-Span-157" class="mrow"><span id="MathJax-Span-158" class="mi">y</span></span></span><span class="MJX_Assistive_MathML" role="presentation">y</span></span>&nbsp;takes on values near&nbsp;<span id="MathJax-Element-52-Frame" class="MathJax" style="display: inline-table; font-style: normal; font-weight: normal; line-height: normal; font-size: 17.6px; text-indent: 0px; text-align: left; text-transform: none; letter-spacing: normal; word-spacing: normal; overflow-wrap: normal; white-space: nowrap; float: none; direction: ltr; max-width: none; max-height: none; min-width: 0px; min-height: 0px; border: 0px; padding: 0px; margin: 0px; position: relative;" tabindex="0" role="presentation" data-mathml="&lt;math xmlns=&quot;http://www.w3.org/1998/Math/MathML&quot;&gt;&lt;mn&gt;1&lt;/mn&gt;&lt;/math&gt;"><span id="MathJax-Span-159" class="math"><span id="MathJax-Span-160" class="mrow"><span id="MathJax-Span-161" class="mn">1</span></span></span><span class="MJX_Assistive_MathML" role="presentation">1</span></span>. But what happens when&nbsp;<span id="MathJax-Element-53-Frame" class="MathJax" style="display: inline-table; font-style: normal; font-weight: normal; line-height: normal; font-size: 17.6px; text-indent: 0px; text-align: left; text-transform: none; letter-spacing: normal; word-spacing: normal; overflow-wrap: normal; white-space: nowrap; float: none; direction: ltr; max-width: none; max-height: none; min-width: 0px; min-height: 0px; border: 0px; padding: 0px; margin: 0px; position: relative;" tabindex="0" role="presentation" data-mathml="&lt;math xmlns=&quot;http://www.w3.org/1998/Math/MathML&quot;&gt;&lt;mi&gt;x&lt;/mi&gt;&lt;mo&gt;=&lt;/mo&gt;&lt;mn&gt;0&lt;/mn&gt;&lt;/math&gt;"><span id="MathJax-Span-162" class="math"><span id="MathJax-Span-163" class="mrow"><span id="MathJax-Span-164" class="mi">x</span><span id="MathJax-Span-165" class="mo">=</span><span id="MathJax-Span-166" class="mn">0</span></span></span><span class="MJX_Assistive_MathML" role="presentation">x=0</span></span>? We have</p>\r\n<p class="lt-math-4150">&nbsp;</p>\r\n<div class="MathJax_Display"><span id="MathJax-Element-54-Frame" class="MathJax" style="display: inline-table; font-style: normal; font-weight: normal; line-height: normal; font-size: 17.6px; text-indent: 0px; text-align: center; text-transform: none; letter-spacing: normal; word-spacing: normal; overflow-wrap: normal; white-space: nowrap; float: none; direction: ltr; max-width: none; max-height: none; min-width: 0px; min-height: 0px; border: 0px; padding: 0px; margin: 0px; position: relative;" tabindex="0" role="presentation" data-mathml="&lt;math xmlns=&quot;http://www.w3.org/1998/Math/MathML&quot; display=&quot;block&quot;&gt;&lt;mi&gt;y&lt;/mi&gt;&lt;mo stretchy=&quot;false&quot;&gt;&amp;#x2192;&lt;/mo&gt;&lt;mfrac&gt;&lt;mrow&gt;&lt;mi&gt;sin&lt;/mi&gt;&lt;mo&gt;&amp;#x2061;&lt;/mo&gt;&lt;mn&gt;0&lt;/mn&gt;&lt;/mrow&gt;&lt;mn&gt;0&lt;/mn&gt;&lt;/mfrac&gt;&lt;mo stretchy=&quot;false&quot;&gt;&amp;#x2192;&amp;quot;&lt;/mo&gt;&lt;mfrac&gt;&lt;mn&gt;0&lt;/mn&gt;&lt;mn&gt;0&lt;/mn&gt;&lt;/mfrac&gt;&lt;mo&gt;&amp;quot;&lt;/mo&gt;&lt;mo&gt;.&lt;/mo&gt;&lt;/math&gt;"><span id="MathJax-Span-167" class="math"><span id="MathJax-Span-168" class="mrow"><span id="MathJax-Span-169" class="mi">y</span><span id="MathJax-Span-170" class="mo">&rarr;</span><span id="MathJax-Span-171" class="mfrac"><span id="MathJax-Span-172" class="mrow"><span id="MathJax-Span-173" class="mi">sin</span><span id="MathJax-Span-174" class="mo"></span><span id="MathJax-Span-175" class="mn">0</span></span><span id="MathJax-Span-176" class="mn">0</span></span><span id="MathJax-Span-177" class="mo">&rarr;"</span><span id="MathJax-Span-178" class="mfrac"><span id="MathJax-Span-179" class="mn">0</span><span id="MathJax-Span-180" class="mn">0</span></span><span id="MathJax-Span-181" class="mo">"</span><span id="MathJax-Span-182" class="mo">.</span></span></span><span class="MJX_Assistive_MathML MJX_Assistive_MathML_Block" role="presentation">y&rarr;sin?00&rarr;"00".</span></span></div>\r\n<p>&nbsp;</p>\r\n<p class="mt-align-center lt-math-4150"><img class="internal" src="https://math.libretexts.org/@api/deki/files/3507/1.2.png?revision=1&amp;size=bestfit&amp;width=392&amp;height=389" alt="alt" width="392px" height="389px" loading="lazy"><br><span id="MathJax-Element-55-Frame" class="MathJax" style="display: inline-table; font-style: normal; font-weight: normal; line-height: normal; font-size: 17.6px; text-indent: 0px; text-align: left; text-transform: none; letter-spacing: normal; word-spacing: normal; overflow-wrap: normal; white-space: nowrap; float: none; direction: ltr; max-width: none; max-height: none; min-width: 0px; min-height: 0px; border: 0px; padding: 0px; margin: 0px; position: relative;" tabindex="0" role="presentation" data-mathml="&lt;math xmlns=&quot;http://www.w3.org/1998/Math/MathML&quot;&gt;&lt;mtext&gt;FIGURE 1.2&lt;/mtext&gt;&lt;/math&gt;"><span id="MathJax-Span-183" class="math"><span id="MathJax-Span-184" class="mrow"><span id="MathJax-Span-185" class="mtext">FIGURE 1.2</span></span></span><span class="MJX_Assistive_MathML" role="presentation">FIGURE 1.2</span></span>:<span id="MathJax-Element-56-Frame" class="MathJax" style="display: inline-table; font-style: normal; font-weight: normal; line-height: normal; font-size: 17.6px; text-indent: 0px; text-align: left; text-transform: none; letter-spacing: normal; word-spacing: normal; overflow-wrap: normal; white-space: nowrap; float: none; direction: ltr; max-width: none; max-height: none; min-width: 0px; min-height: 0px; border: 0px; padding: 0px; margin: 0px; position: relative;" tabindex="0" role="presentation" data-mathml="&lt;math xmlns=&quot;http://www.w3.org/1998/Math/MathML&quot;&gt;&lt;mi&gt;sin&lt;/mi&gt;&lt;mo&gt;&amp;#x2061;&lt;/mo&gt;&lt;mo stretchy=&quot;false&quot;&gt;(&lt;/mo&gt;&lt;mi&gt;x&lt;/mi&gt;&lt;mo stretchy=&quot;false&quot;&gt;)&lt;/mo&gt;&lt;mrow class=&quot;MJX-TeXAtom-ORD&quot;&gt;&lt;mo&gt;/&lt;/mo&gt;&lt;/mrow&gt;&lt;mi&gt;x&lt;/mi&gt;&lt;mtext&gt;&amp;#xA0;near&amp;#xA0;&lt;/mtext&gt;&lt;mi&gt;x&lt;/mi&gt;&lt;mo&gt;=&lt;/mo&gt;&lt;mn&gt;0.&lt;/mn&gt;&lt;/math&gt;"><span id="MathJax-Span-186" class="math"><span id="MathJax-Span-187" class="mrow"><span id="MathJax-Span-188" class="mi">sin</span><span id="MathJax-Span-189" class="mo"></span><span id="MathJax-Span-190" class="mo">(</span><span id="MathJax-Span-191" class="mi">x</span><span id="MathJax-Span-192" class="mo">)</span><span id="MathJax-Span-193" class="texatom"><span id="MathJax-Span-194" class="mrow"><span id="MathJax-Span-195" class="mo">/</span></span></span><span id="MathJax-Span-196" class="mi">x</span><span id="MathJax-Span-197" class="mtext">&nbsp;near&nbsp;</span><span id="MathJax-Span-198" class="mi">x</span><span id="MathJax-Span-199" class="mo">=</span><span id="MathJax-Span-200" class="mn">0.</span></span></span><span class="MJX_Assistive_MathML" role="presentation">sin?(x)/x&nbsp;near&nbsp;x=0.</span></span></p>\r\n<p class="lt-math-4150">The expression "<span id="MathJax-Element-57-Frame" class="MathJax" style="display: inline-table; font-style: normal; font-weight: normal; line-height: normal; font-size: 17.6px; text-indent: 0px; text-align: left; text-transform: none; letter-spacing: normal; word-spacing: normal; overflow-wrap: normal; white-space: nowrap; float: none; direction: ltr; max-width: none; max-height: none; min-width: 0px; min-height: 0px; border: 0px; padding: 0px; margin: 0px; position: relative;" tabindex="0" role="presentation" data-mathml="&lt;math xmlns=&quot;http://www.w3.org/1998/Math/MathML&quot;&gt;&lt;mn&gt;0&lt;/mn&gt;&lt;mrow class=&quot;MJX-TeXAtom-ORD&quot;&gt;&lt;mo&gt;/&lt;/mo&gt;&lt;/mrow&gt;&lt;mn&gt;0&lt;/mn&gt;&lt;/math&gt;"><span id="MathJax-Span-201" class="math"><span id="MathJax-Span-202" class="mrow"><span id="MathJax-Span-203" class="mn">0</span><span id="MathJax-Span-204" class="texatom"><span id="MathJax-Span-205" class="mrow"><span id="MathJax-Span-206" class="mo">/</span></span></span><span id="MathJax-Span-207" class="mn">0</span></span></span><span class="MJX_Assistive_MathML" role="presentation">0/0</span></span>\'\' has no value; it is&nbsp;<em>indeterminate</em>. Such an expression gives no information about what is going on with the function nearby. We cannot find out how&nbsp;<span id="MathJax-Element-58-Frame" class="MathJax" style="display: inline-table; font-style: normal; font-weight: normal; line-height: normal; font-size: 17.6px; text-indent: 0px; text-align: left; text-transform: none; letter-spacing: normal; word-spacing: normal; overflow-wrap: normal; white-space: nowrap; float: none; direction: ltr; max-width: none; max-height: none; min-width: 0px; min-height: 0px; border: 0px; padding: 0px; margin: 0px; position: relative;" tabindex="0" role="presentation" data-mathml="&lt;math xmlns=&quot;http://www.w3.org/1998/Math/MathML&quot;&gt;&lt;mi&gt;y&lt;/mi&gt;&lt;/math&gt;"><span id="MathJax-Span-208" class="math"><span id="MathJax-Span-209" class="mrow"><span id="MathJax-Span-210" class="mi">y</span></span></span><span class="MJX_Assistive_MathML" role="presentation">y</span></span>&nbsp;behaves near&nbsp;<span id="MathJax-Element-59-Frame" class="MathJax" style="display: inline-table; font-style: normal; font-weight: normal; line-height: normal; font-size: 17.6px; text-indent: 0px; text-align: left; text-transform: none; letter-spacing: normal; word-spacing: normal; overflow-wrap: normal; white-space: nowrap; float: none; direction: ltr; max-width: none; max-height: none; min-width: 0px; min-height: 0px; border: 0px; padding: 0px; margin: 0px; position: relative;" tabindex="0" role="presentation" data-mathml="&lt;math xmlns=&quot;http://www.w3.org/1998/Math/MathML&quot;&gt;&lt;mi&gt;x&lt;/mi&gt;&lt;mo&gt;=&lt;/mo&gt;&lt;mn&gt;0&lt;/mn&gt;&lt;/math&gt;"><span id="MathJax-Span-211" class="math"><span id="MathJax-Span-212" class="mrow"><span id="MathJax-Span-213" class="mi">x</span><span id="MathJax-Span-214" class="mo">=</span><span id="MathJax-Span-215" class="mn">0</span></span></span><span class="MJX_Assistive_MathML" role="presentation">x=0</span></span>&nbsp;for this function simply by letting&nbsp;<span id="MathJax-Element-60-Frame" class="MathJax" style="display: inline-table; font-style: normal; font-weight: normal; line-height: normal; font-size: 17.6px; text-indent: 0px; text-align: left; text-transform: none; letter-spacing: normal; word-spacing: normal; overflow-wrap: normal; white-space: nowrap; float: none; direction: ltr; max-width: none; max-height: none; min-width: 0px; min-height: 0px; border: 0px; padding: 0px; margin: 0px; position: relative;" tabindex="0" role="presentation" data-mathml="&lt;math xmlns=&quot;http://www.w3.org/1998/Math/MathML&quot;&gt;&lt;mi&gt;x&lt;/mi&gt;&lt;mo&gt;=&lt;/mo&gt;&lt;mn&gt;0&lt;/mn&gt;&lt;/math&gt;"><span id="MathJax-Span-216" class="math"><span id="MathJax-Span-217" class="mrow"><span id="MathJax-Span-218" class="mi">x</span><span id="MathJax-Span-219" class="mo">=</span><span id="MathJax-Span-220" class="mn">0</span></span></span><span class="MJX_Assistive_MathML" role="presentation">x=0</span></span>.</p>\r\n<p class="lt-math-4150">Finding a limit entails understanding how a function behaves near a particular value of&nbsp;<span id="MathJax-Element-61-Frame" class="MathJax" style="display: inline-table; font-style: normal; font-weight: normal; line-height: normal; font-size: 17.6px; text-indent: 0px; text-align: left; text-transform: none; letter-spacing: normal; word-spacing: normal; overflow-wrap: normal; white-space: nowrap; float: none; direction: ltr; max-width: none; max-height: none; min-width: 0px; min-height: 0px; border: 0px; padding: 0px; margin: 0px; position: relative;" tabindex="0" role="presentation" data-mathml="&lt;math xmlns=&quot;http://www.w3.org/1998/Math/MathML&quot;&gt;&lt;mi&gt;x&lt;/mi&gt;&lt;/math&gt;"><span id="MathJax-Span-221" class="math"><span id="MathJax-Span-222" class="mrow"><span id="MathJax-Span-223" class="mi">x</span></span></span><span class="MJX_Assistive_MathML" role="presentation">x</span></span>. Before continuing, it will be useful to establish some notation. Let&nbsp;<span id="MathJax-Element-62-Frame" class="MathJax" style="display: inline-table; font-style: normal; font-weight: normal; line-height: normal; font-size: 17.6px; text-indent: 0px; text-align: left; text-transform: none; letter-spacing: normal; word-spacing: normal; overflow-wrap: normal; white-space: nowrap; float: none; direction: ltr; max-width: none; max-height: none; min-width: 0px; min-height: 0px; border: 0px; padding: 0px; margin: 0px; position: relative;" tabindex="0" role="presentation" data-mathml="&lt;math xmlns=&quot;http://www.w3.org/1998/Math/MathML&quot;&gt;&lt;mi&gt;y&lt;/mi&gt;&lt;mo&gt;=&lt;/mo&gt;&lt;mi&gt;f&lt;/mi&gt;&lt;mo stretchy=&quot;false&quot;&gt;(&lt;/mo&gt;&lt;mi&gt;x&lt;/mi&gt;&lt;mo stretchy=&quot;false&quot;&gt;)&lt;/mo&gt;&lt;/math&gt;"><span id="MathJax-Span-224" class="math"><span id="MathJax-Span-225" class="mrow"><span id="MathJax-Span-226" class="mi">y</span><span id="MathJax-Span-227" class="mo">=</span><span id="MathJax-Span-228" class="mi">f</span><span id="MathJax-Span-229" class="mo">(</span><span id="MathJax-Span-230" class="mi">x</span><span id="MathJax-Span-231" class="mo">)</span></span></span><span class="MJX_Assistive_MathML" role="presentation">y=f(x)</span></span>; that is, let&nbsp;<span id="MathJax-Element-63-Frame" class="MathJax" style="display: inline-table; font-style: normal; font-weight: normal; line-height: normal; font-size: 17.6px; text-indent: 0px; text-align: left; text-transform: none; letter-spacing: normal; word-spacing: normal; overflow-wrap: normal; white-space: nowrap; float: none; direction: ltr; max-width: none; max-height: none; min-width: 0px; min-height: 0px; border: 0px; padding: 0px; margin: 0px; position: relative;" tabindex="0" role="presentation" data-mathml="&lt;math xmlns=&quot;http://www.w3.org/1998/Math/MathML&quot;&gt;&lt;mi&gt;y&lt;/mi&gt;&lt;/math&gt;"><span id="MathJax-Span-232" class="math"><span id="MathJax-Span-233" class="mrow"><span id="MathJax-Span-234" class="mi">y</span></span></span><span class="MJX_Assistive_MathML" role="presentation">y</span></span>&nbsp;be a function of&nbsp;<span id="MathJax-Element-64-Frame" class="MathJax" style="display: inline-table; font-style: normal; font-weight: normal; line-height: normal; font-size: 17.6px; text-indent: 0px; text-align: left; text-transform: none; letter-spacing: normal; word-spacing: normal; overflow-wrap: normal; white-space: nowrap; float: none; direction: ltr; max-width: none; max-height: none; min-width: 0px; min-height: 0px; border: 0px; padding: 0px; margin: 0px; position: relative;" tabindex="0" role="presentation" data-mathml="&lt;math xmlns=&quot;http://www.w3.org/1998/Math/MathML&quot;&gt;&lt;mi&gt;x&lt;/mi&gt;&lt;/math&gt;"><span id="MathJax-Span-235" class="math"><span id="MathJax-Span-236" class="mrow"><span id="MathJax-Span-237" class="mi">x</span></span></span><span class="MJX_Assistive_MathML" role="presentation">x</span></span>&nbsp;for some function&nbsp;<span id="MathJax-Element-65-Frame" class="MathJax" style="display: inline-table; font-style: normal; font-weight: normal; line-height: normal; font-size: 17.6px; text-indent: 0px; text-align: left; text-transform: none; letter-spacing: normal; word-spacing: normal; overflow-wrap: normal; white-space: nowrap; float: none; direction: ltr; max-width: none; max-height: none; min-width: 0px; min-height: 0px; border: 0px; padding: 0px; margin: 0px; position: relative;" tabindex="0" role="presentation" data-mathml="&lt;math xmlns=&quot;http://www.w3.org/1998/Math/MathML&quot;&gt;&lt;mi&gt;f&lt;/mi&gt;&lt;/math&gt;"><span id="MathJax-Span-238" class="math"><span id="MathJax-Span-239" class="mrow"><span id="MathJax-Span-240" class="mi">f</span></span></span><span class="MJX_Assistive_MathML" role="presentation">f</span></span>. The expression "the limit of&nbsp;<span id="MathJax-Element-66-Frame" class="MathJax" style="display: inline-table; font-style: normal; font-weight: normal; line-height: normal; font-size: 17.6px; text-indent: 0px; text-align: left; text-transform: none; letter-spacing: normal; word-spacing: normal; overflow-wrap: normal; white-space: nowrap; float: none; direction: ltr; max-width: none; max-height: none; min-width: 0px; min-height: 0px; border: 0px; padding: 0px; margin: 0px; position: relative;" tabindex="0" role="presentation" data-mathml="&lt;math xmlns=&quot;http://www.w3.org/1998/Math/MathML&quot;&gt;&lt;mi&gt;y&lt;/mi&gt;&lt;/math&gt;"><span id="MathJax-Span-241" class="math"><span id="MathJax-Span-242" class="mrow"><span id="MathJax-Span-243" class="mi">y</span></span></span><span class="MJX_Assistive_MathML" role="presentation">y</span></span>&nbsp;as&nbsp;<span id="MathJax-Element-67-Frame" class="MathJax" style="display: inline-table; font-style: normal; font-weight: normal; line-height: normal; font-size: 17.6px; text-indent: 0px; text-align: left; text-transform: none; letter-spacing: normal; word-spacing: normal; overflow-wrap: normal; white-space: nowrap; float: none; direction: ltr; max-width: none; max-height: none; min-width: 0px; min-height: 0px; border: 0px; padding: 0px; margin: 0px; position: relative;" tabindex="0" role="presentation" data-mathml="&lt;math xmlns=&quot;http://www.w3.org/1998/Math/MathML&quot;&gt;&lt;mi&gt;x&lt;/mi&gt;&lt;/math&gt;"><span id="MathJax-Span-244" class="math"><span id="MathJax-Span-245" class="mrow"><span id="MathJax-Span-246" class="mi">x</span></span></span><span class="MJX_Assistive_MathML" role="presentation">x</span></span>&nbsp;approaches 1\'\' describes a number, often referred to as&nbsp;<span id="MathJax-Element-68-Frame" class="MathJax" style="display: inline-table; font-style: normal; font-weight: normal; line-height: normal; font-size: 17.6px; text-indent: 0px; text-align: left; text-transform: none; letter-spacing: normal; word-spacing: normal; overflow-wrap: normal; white-space: nowrap; float: none; direction: ltr; max-width: none; max-height: none; min-width: 0px; min-height: 0px; border: 0px; padding: 0px; margin: 0px; position: relative;" tabindex="0" role="presentation" data-mathml="&lt;math xmlns=&quot;http://www.w3.org/1998/Math/MathML&quot;&gt;&lt;mi&gt;L&lt;/mi&gt;&lt;/math&gt;"><span id="MathJax-Span-247" class="math"><span id="MathJax-Span-248" class="mrow"><span id="MathJax-Span-249" class="mi">L</span></span></span><span class="MJX_Assistive_MathML" role="presentation">L</span></span>, that&nbsp;<span id="MathJax-Element-69-Frame" class="MathJax" style="display: inline-table; font-style: normal; font-weight: normal; line-height: normal; font-size: 17.6px; text-indent: 0px; text-align: left; text-transform: none; letter-spacing: normal; word-spacing: normal; overflow-wrap: normal; white-space: nowrap; float: none; direction: ltr; max-width: none; max-height: none; min-width: 0px; min-height: 0px; border: 0px; padding: 0px; margin: 0px; position: relative;" tabindex="0" role="presentation" data-mathml="&lt;math xmlns=&quot;http://www.w3.org/1998/Math/MathML&quot;&gt;&lt;mi&gt;y&lt;/mi&gt;&lt;/math&gt;"><span id="MathJax-Span-250" class="math"><span id="MathJax-Span-251" class="mrow"><span id="MathJax-Span-252" class="mi">y</span></span></span><span class="MJX_Assistive_MathML" role="presentation">y</span></span>&nbsp;nears as&nbsp;<span id="MathJax-Element-70-Frame" class="MathJax" style="display: inline-table; font-style: normal; font-weight: normal; line-height: normal; font-size: 17.6px; text-indent: 0px; text-align: left; text-transform: none; letter-spacing: normal; word-spacing: normal; overflow-wrap: normal; white-space: nowrap; float: none; direction: ltr; max-width: none; max-height: none; min-width: 0px; min-height: 0px; border: 0px; padding: 0px; margin: 0px; position: relative;" tabindex="0" role="presentation" data-mathml="&lt;math xmlns=&quot;http://www.w3.org/1998/Math/MathML&quot;&gt;&lt;mi&gt;x&lt;/mi&gt;&lt;/math&gt;"><span id="MathJax-Span-253" class="math"><span id="MathJax-Span-254" class="mrow"><span id="MathJax-Span-255" class="mi">x</span></span></span><span class="MJX_Assistive_MathML" role="presentation">x</span></span>&nbsp;nears 1. We write all this as</p>\r\n<p class="lt-math-4150">&nbsp;</p>\r\n<div class="MathJax_Display"><span id="MathJax-Element-71-Frame" class="MathJax" style="display: inline-table; font-style: normal; font-weight: normal; line-height: normal; font-size: 17.6px; text-indent: 0px; text-align: center; text-transform: none; letter-spacing: normal; word-spacing: normal; overflow-wrap: normal; white-space: nowrap; float: none; direction: ltr; max-width: none; max-height: none; min-width: 0px; min-height: 0px; border: 0px; padding: 0px; margin: 0px; position: relative;" tabindex="0" role="presentation" data-mathml="&lt;math xmlns=&quot;http://www.w3.org/1998/Math/MathML&quot; display=&quot;block&quot;&gt;&lt;munder&gt;&lt;mo movablelimits=&quot;true&quot; form=&quot;prefix&quot;&gt;lim&lt;/mo&gt;&lt;mrow class=&quot;MJX-TeXAtom-ORD&quot;&gt;&lt;mi&gt;x&lt;/mi&gt;&lt;mo stretchy=&quot;false&quot;&gt;&amp;#x2192;&lt;/mo&gt;&lt;mn&gt;1&lt;/mn&gt;&lt;/mrow&gt;&lt;/munder&gt;&lt;mi&gt;y&lt;/mi&gt;&lt;mo&gt;=&lt;/mo&gt;&lt;munder&gt;&lt;mo movablelimits=&quot;true&quot; form=&quot;prefix&quot;&gt;lim&lt;/mo&gt;&lt;mrow class=&quot;MJX-TeXAtom-ORD&quot;&gt;&lt;mi&gt;x&lt;/mi&gt;&lt;mo stretchy=&quot;false&quot;&gt;&amp;#x2192;&lt;/mo&gt;&lt;mn&gt;1&lt;/mn&gt;&lt;/mrow&gt;&lt;/munder&gt;&lt;mi&gt;f&lt;/mi&gt;&lt;mo stretchy=&quot;false&quot;&gt;(&lt;/mo&gt;&lt;mi&gt;x&lt;/mi&gt;&lt;mo stretchy=&quot;false&quot;&gt;)&lt;/mo&gt;&lt;mo&gt;=&lt;/mo&gt;&lt;mi&gt;L&lt;/mi&gt;&lt;mo&gt;.&lt;/mo&gt;&lt;/math&gt;"><span id="MathJax-Span-256" class="math"><span id="MathJax-Span-257" class="mrow"><span id="MathJax-Span-258" class="munderover"><span id="MathJax-Span-259" class="mo">lim</span><span id="MathJax-Span-260" class="texatom"><span id="MathJax-Span-261" class="mrow"><span id="MathJax-Span-262" class="mi">x</span><span id="MathJax-Span-263" class="mo">&rarr;</span><span id="MathJax-Span-264" class="mn">1</span></span></span></span><span id="MathJax-Span-265" class="mi">y</span><span id="MathJax-Span-266" class="mo">=</span><span id="MathJax-Span-267" class="munderover"><span id="MathJax-Span-268" class="mo">lim</span><span id="MathJax-Span-269" class="texatom"><span id="MathJax-Span-270" class="mrow"><span id="MathJax-Span-271" class="mi">x</span><span id="MathJax-Span-272" class="mo">&rarr;</span><span id="MathJax-Span-273" class="mn">1</span></span></span></span><span id="MathJax-Span-274" class="mi">f</span><span id="MathJax-Span-275" class="mo">(</span><span id="MathJax-Span-276" class="mi">x</span><span id="MathJax-Span-277" class="mo">)</span><span id="MathJax-Span-278" class="mo">=</span><span id="MathJax-Span-279" class="mi">L</span><span id="MathJax-Span-280" class="mo">.</span></span></span><span class="MJX_Assistive_MathML MJX_Assistive_MathML_Block" role="presentation">limx&rarr;1y=limx&rarr;1f(x)=L.</span></span></div>\r\n<p>&nbsp;</p>\r\n<p class="lt-math-4150">This is not a complete definition (that will come in the next section); this is a pseudo-definition that will allow us to explore the idea of a limit.</p>\r\n<p class="lt-math-4150">Above, where&nbsp;<span id="MathJax-Element-72-Frame" class="MathJax" style="display: inline-table; font-style: normal; font-weight: normal; line-height: normal; font-size: 17.6px; text-indent: 0px; text-align: left; text-transform: none; letter-spacing: normal; word-spacing: normal; overflow-wrap: normal; white-space: nowrap; float: none; direction: ltr; max-width: none; max-height: none; min-width: 0px; min-height: 0px; border: 0px; padding: 0px; margin: 0px; position: relative;" tabindex="0" role="presentation" data-mathml="&lt;math xmlns=&quot;http://www.w3.org/1998/Math/MathML&quot;&gt;&lt;mi&gt;f&lt;/mi&gt;&lt;mo stretchy=&quot;false&quot;&gt;(&lt;/mo&gt;&lt;mi&gt;x&lt;/mi&gt;&lt;mo stretchy=&quot;false&quot;&gt;)&lt;/mo&gt;&lt;mo&gt;=&lt;/mo&gt;&lt;mi&gt;sin&lt;/mi&gt;&lt;mo&gt;&amp;#x2061;&lt;/mo&gt;&lt;mo stretchy=&quot;false&quot;&gt;(&lt;/mo&gt;&lt;mi&gt;x&lt;/mi&gt;&lt;mo stretchy=&quot;false&quot;&gt;)&lt;/mo&gt;&lt;mrow class=&quot;MJX-TeXAtom-ORD&quot;&gt;&lt;mo&gt;/&lt;/mo&gt;&lt;/mrow&gt;&lt;mi&gt;x&lt;/mi&gt;&lt;/math&gt;"><span id="MathJax-Span-281" class="math"><span id="MathJax-Span-282" class="mrow"><span id="MathJax-Span-283" class="mi">f</span><span id="MathJax-Span-284" class="mo">(</span><span id="MathJax-Span-285" class="mi">x</span><span id="MathJax-Span-286" class="mo">)</span><span id="MathJax-Span-287" class="mo">=</span><span id="MathJax-Span-288" class="mi">sin</span><span id="MathJax-Span-289" class="mo"></span><span id="MathJax-Span-290" class="mo">(</span><span id="MathJax-Span-291" class="mi">x</span><span id="MathJax-Span-292" class="mo">)</span><span id="MathJax-Span-293" class="texatom"><span id="MathJax-Span-294" class="mrow"><span id="MathJax-Span-295" class="mo">/</span></span></span><span id="MathJax-Span-296" class="mi">x</span></span></span><span class="MJX_Assistive_MathML" role="presentation">f(x)=sin?(x)/x</span></span>, we approximated</p>\r\n<p class="lt-math-4150">&nbsp;</p>\r\n<div class="MathJax_Display"><span id="MathJax-Element-73-Frame" class="MathJax" style="display: inline-table; font-style: normal; font-weight: normal; line-height: normal; font-size: 17.6px; text-indent: 0px; text-align: center; text-transform: none; letter-spacing: normal; word-spacing: normal; overflow-wrap: normal; white-space: nowrap; float: none; direction: ltr; max-width: none; max-height: none; min-width: 0px; min-height: 0px; border: 0px; padding: 0px; margin: 0px; position: relative;" tabindex="0" role="presentation"><span id="MathJax-Span-297" class="math"><span id="MathJax-Span-298" class="mrow"><span id="MathJax-Span-299" class="munderover"><span id="MathJax-Span-300" class="mo">lim</span><span id="MathJax-Span-301" class="texatom"><span id="MathJax-Span-302" class="mrow"><span id="MathJax-Span-303" class="mi">x</span><span id="MathJax-Span-304" class="mo">&rarr;</span><span id="MathJax-Span-305" class="mn">1</span></span></span></span><span id="MathJax-Span-306" class="mfrac"><span id="MathJax-Span-307" class="mrow"><span id="MathJax-Span-308" class="mi">sin</span><span id="MathJax-Span-309" class="mo"></span><span id="MathJax-Span-310" class="mi">x</span></span><span id="MathJax-Span-311" class="mi">x</span></span><span id="MathJax-Span-312" class="mo">&asymp;</span><span id="MathJax-Span-313" class="mn">0.84</span><span id="MathJax-Span-314" class="mspace"></span><span id="MathJax-Span-315" class="mtext">&nbsp;and&nbsp;</span><span id="MathJax-Span-316" class="mspace"></span><span id="MathJax-Span-317" class="munderover"><span id="MathJax-Span-318" class="mo">lim</span><span id="MathJax-Span-319" class="texatom"><span id="MathJax-Span-320" class="mrow"><span id="MathJax-Span-321" class="mi">x</span><span id="MathJax-Span-322" class="mo">&rarr;</span><span id="MathJax-Span-323" class="mn">0</span></span></span></span><span id="MathJax-Span-324" class="mfrac"><span id="MathJax-Span-325" class="mrow"><span id="MathJax-Span-326" class="mi">sin</span><span id="MathJax-Span-327" class="mo"></span><span id="MathJax-Span-328" class="mi">x</span></span><span id="MathJax-Span-329" class="mi">x</span></span><span id="MathJax-Span-330" class="mo">&asymp;</span><span id="MathJax-Span-331" class="mn">1.</span></span></span><span class="MJX_Assistive_MathML MJX_Assistive_MathML_Block" role="presentation">limx&rarr;1sin?xx&asymp;0.84&nbsp;and&nbsp;limx&rarr;0sin?xx&asymp;1.</span></span></div>\r\n<p>&nbsp;</p>\r\n<p class="lt-math-4150">(We&nbsp;<em>approximated</em>&nbsp;these limits, hence used the "<span id="MathJax-Element-74-Frame" class="MathJax" style="display: inline-table; font-style: normal; font-weight: normal; line-height: normal; font-size: 17.6px; text-indent: 0px; text-align: left; text-transform: none; letter-spacing: normal; word-spacing: normal; overflow-wrap: normal; white-space: nowrap; float: none; direction: ltr; max-width: none; max-height: none; min-width: 0px; min-height: 0px; border: 0px; padding: 0px; margin: 0px; position: relative;" tabindex="0" role="presentation" data-mathml="&lt;math xmlns=&quot;http://www.w3.org/1998/Math/MathML&quot;&gt;&lt;mo&gt;&amp;#x2248;&lt;/mo&gt;&lt;/math&gt;"><span id="MathJax-Span-332" class="math"><span id="MathJax-Span-333" class="mrow"><span id="MathJax-Span-334" class="mo">&asymp;</span></span></span><span class="MJX_Assistive_MathML" role="presentation">&asymp;</span></span>\'\' symbol, since we are working with the pseudo-definition of a limit, not the actual definition.)</p>\r\n<p class="lt-math-4150">Once we have the true definition of a limit, we will find limits&nbsp;<em>analytically</em>; that is, exactly using a variety of mathematical tools. For now, we will&nbsp;<em>approximate</em>&nbsp;limits both graphically and numerically. Graphing a function can provide a good approximation, though often not very precise. Numerical methods can provide a more accurate approximation. We have already approximated limits graphically, so we now turn our attention to numerical approximations.</p>\r\n<p class="lt-math-4150">Consider again&nbsp;<span id="MathJax-Element-75-Frame" class="MathJax" style="display: inline-table; font-style: normal; font-weight: normal; line-height: normal; font-size: 17.6px; text-indent: 0px; text-align: left; text-transform: none; letter-spacing: normal; word-spacing: normal; overflow-wrap: normal; white-space: nowrap; float: none; direction: ltr; max-width: none; max-height: none; min-width: 0px; min-height: 0px; border: 0px; padding: 0px; margin: 0px; position: relative;" tabindex="0" role="presentation" data-mathml="&lt;math xmlns=&quot;http://www.w3.org/1998/Math/MathML&quot;&gt;&lt;munder&gt;&lt;mo movablelimits=&quot;true&quot; form=&quot;prefix&quot;&gt;lim&lt;/mo&gt;&lt;mrow class=&quot;MJX-TeXAtom-ORD&quot;&gt;&lt;mi&gt;x&lt;/mi&gt;&lt;mo stretchy=&quot;false&quot;&gt;&amp;#x2192;&lt;/mo&gt;&lt;mn&gt;1&lt;/mn&gt;&lt;/mrow&gt;&lt;/munder&gt;&lt;mi&gt;sin&lt;/mi&gt;&lt;mo&gt;&amp;#x2061;&lt;/mo&gt;&lt;mo stretchy=&quot;false&quot;&gt;(&lt;/mo&gt;&lt;mi&gt;x&lt;/mi&gt;&lt;mo stretchy=&quot;false&quot;&gt;)&lt;/mo&gt;&lt;mrow class=&quot;MJX-TeXAtom-ORD&quot;&gt;&lt;mo&gt;/&lt;/mo&gt;&lt;/mrow&gt;&lt;mi&gt;x&lt;/mi&gt;&lt;/math&gt;"><span id="MathJax-Span-335" class="math"><span id="MathJax-Span-336" class="mrow"><span id="MathJax-Span-337" class="munderover"><span id="MathJax-Span-338" class="mo">lim</span><span id="MathJax-Span-339" class="texatom"><span id="MathJax-Span-340" class="mrow"><span id="MathJax-Span-341" class="mi">x</span><span id="MathJax-Span-342" class="mo">&rarr;</span><span id="MathJax-Span-343" class="mn">1</span></span></span></span><span id="MathJax-Span-344" class="mi">sin</span><span id="MathJax-Span-345" class="mo"></span><span id="MathJax-Span-346" class="mo">(</span><span id="MathJax-Span-347" class="mi">x</span><span id="MathJax-Span-348" class="mo">)</span><span id="MathJax-Span-349" class="texatom"><span id="MathJax-Span-350" class="mrow"><span id="MathJax-Span-351" class="mo">/</span></span></span><span id="MathJax-Span-352" class="mi">x</span></span></span><span class="MJX_Assistive_MathML" role="presentation">limx&rarr;1sin?(x)/x</span></span>. To approximate this limit numerically, we can create a table of&nbsp;<span id="MathJax-Element-76-Frame" class="MathJax" style="display: inline-table; font-style: normal; font-weight: normal; line-height: normal; font-size: 17.6px; text-indent: 0px; text-align: left; text-transform: none; letter-spacing: normal; word-spacing: normal; overflow-wrap: normal; white-space: nowrap; float: none; direction: ltr; max-width: none; max-height: none; min-width: 0px; min-height: 0px; border: 0px; padding: 0px; margin: 0px; position: relative;" tabindex="0" role="presentation" data-mathml="&lt;math xmlns=&quot;http://www.w3.org/1998/Math/MathML&quot;&gt;&lt;mi&gt;x&lt;/mi&gt;&lt;/math&gt;"><span id="MathJax-Span-353" class="math"><span id="MathJax-Span-354" class="mrow"><span id="MathJax-Span-355" class="mi">x</span></span></span><span class="MJX_Assistive_MathML" role="presentation">x</span></span>&nbsp;and&nbsp;<span id="MathJax-Element-77-Frame" class="MathJax" style="display: inline-table; font-style: normal; font-weight: normal; line-height: normal; font-size: 17.6px; text-indent: 0px; text-align: left; text-transform: none; letter-spacing: normal; word-spacing: normal; overflow-wrap: normal; white-space: nowrap; float: none; direction: ltr; max-width: none; max-height: none; min-width: 0px; min-height: 0px; border: 0px; padding: 0px; margin: 0px; position: relative;" tabindex="0" role="presentation" data-mathml="&lt;math xmlns=&quot;http://www.w3.org/1998/Math/MathML&quot;&gt;&lt;mi&gt;f&lt;/mi&gt;&lt;mo stretchy=&quot;false&quot;&gt;(&lt;/mo&gt;&lt;mi&gt;x&lt;/mi&gt;&lt;mo stretchy=&quot;false&quot;&gt;)&lt;/mo&gt;&lt;/math&gt;"><span id="MathJax-Span-356" class="math"><span id="MathJax-Span-357" class="mrow"><span id="MathJax-Span-358" class="mi">f</span><span id="MathJax-Span-359" class="mo">(</span><span id="MathJax-Span-360" class="mi">x</span><span id="MathJax-Span-361" class="mo">)</span></span></span><span class="MJX_Assistive_MathML" role="presentation">f(x)</span></span>&nbsp;values where&nbsp;<span id="MathJax-Element-78-Frame" class="MathJax" style="display: inline-table; font-style: normal; font-weight: normal; line-height: normal; font-size: 17.6px; text-indent: 0px; text-align: left; text-transform: none; letter-spacing: normal; word-spacing: normal; overflow-wrap: normal; white-space: nowrap; float: none; direction: ltr; max-width: none; max-height: none; min-width: 0px; min-height: 0px; border: 0px; padding: 0px; margin: 0px; position: relative;" tabindex="0" role="presentation" data-mathml="&lt;math xmlns=&quot;http://www.w3.org/1998/Math/MathML&quot;&gt;&lt;mi&gt;x&lt;/mi&gt;&lt;/math&gt;"><span id="MathJax-Span-362" class="math"><span id="MathJax-Span-363" class="mrow"><span id="MathJax-Span-364" class="mi">x</span></span></span><span class="MJX_Assistive_MathML" role="presentation">x</span></span>&nbsp;is "near\'\' 1. This is done in Figure 1.3.</p>\r\n<p class="mt-align-center lt-math-4150"><img class="internal" src="https://math.libretexts.org/@api/deki/files/3508/1.3.png?revision=1&amp;size=bestfit&amp;width=200&amp;height=219" alt="alt" width="200px" height="219px" loading="lazy"><br><span id="MathJax-Element-79-Frame" class="MathJax" style="display: inline-table; font-style: normal; font-weight: normal; line-height: normal; font-size: 17.6px; text-indent: 0px; text-align: left; text-transform: none; letter-spacing: normal; word-spacing: normal; overflow-wrap: normal; white-space: nowrap; float: none; direction: ltr; max-width: none; max-height: none; min-width: 0px; min-height: 0px; border: 0px; padding: 0px; margin: 0px; position: relative;" tabindex="0" role="presentation" data-mathml="&lt;math xmlns=&quot;http://www.w3.org/1998/Math/MathML&quot;&gt;&lt;mtext&gt;FIGURE 1.3&lt;/mtext&gt;&lt;/math&gt;"><span id="MathJax-Span-365" class="math"><span id="MathJax-Span-366" class="mrow"><span id="MathJax-Span-367" class="mtext">FIGURE 1.3</span></span></span><span class="MJX_Assistive_MathML" role="presentation">FIGURE 1.3</span></span>: Values of&nbsp;<span id="MathJax-Element-80-Frame" class="MathJax" style="display: inline-table; font-style: normal; font-weight: normal; line-height: normal; font-size: 17.6px; text-indent: 0px; text-align: left; text-transform: none; letter-spacing: normal; word-spacing: normal; overflow-wrap: normal; white-space: nowrap; float: none; direction: ltr; max-width: none; max-height: none; min-width: 0px; min-height: 0px; border: 0px; padding: 0px; margin: 0px; position: relative;" tabindex="0" role="presentation" data-mathml="&lt;math xmlns=&quot;http://www.w3.org/1998/Math/MathML&quot;&gt;&lt;mi&gt;sin&lt;/mi&gt;&lt;mo&gt;&amp;#x2061;&lt;/mo&gt;&lt;mo stretchy=&quot;false&quot;&gt;(&lt;/mo&gt;&lt;mi&gt;x&lt;/mi&gt;&lt;mo stretchy=&quot;false&quot;&gt;)&lt;/mo&gt;&lt;mrow class=&quot;MJX-TeXAtom-ORD&quot;&gt;&lt;mo&gt;/&lt;/mo&gt;&lt;/mrow&gt;&lt;mi&gt;x&lt;/mi&gt;&lt;mtext&gt;&amp;#xA0;with&amp;#xA0;&lt;/mtext&gt;&lt;mi&gt;x&lt;/mi&gt;&lt;mtext&gt;&amp;#xA0;near&amp;#xA0;&lt;/mtext&gt;&lt;mn&gt;1.&lt;/mn&gt;&lt;/math&gt;"><span id="MathJax-Span-368" class="math"><span id="MathJax-Span-369" class="mrow"><span id="MathJax-Span-370" class="mi">sin</span><span id="MathJax-Span-371" class="mo"></span><span id="MathJax-Span-372" class="mo">(</span><span id="MathJax-Span-373" class="mi">x</span><span id="MathJax-Span-374" class="mo">)</span><span id="MathJax-Span-375" class="texatom"><span id="MathJax-Span-376" class="mrow"><span id="MathJax-Span-377" class="mo">/</span></span></span><span id="MathJax-Span-378" class="mi">x</span><span id="MathJax-Span-379" class="mtext">&nbsp;with&nbsp;</span><span id="MathJax-Span-380" class="mi">x</span><span id="MathJax-Span-381" class="mtext">&nbsp;near&nbsp;</span><span id="MathJax-Span-382" class="mn">1.</span></span></span><span class="MJX_Assistive_MathML" role="presentation">sin?(x)/x&nbsp;with&nbsp;x&nbsp;near&nbsp;1.</span></span></p>\r\n<p class="lt-math-4150">Notice that for values of&nbsp;<span id="MathJax-Element-81-Frame" class="MathJax" style="display: inline-table; font-style: normal; font-weight: normal; line-height: normal; font-size: 17.6px; text-indent: 0px; text-align: left; text-transform: none; letter-spacing: normal; word-spacing: normal; overflow-wrap: normal; white-space: nowrap; float: none; direction: ltr; max-width: none; max-height: none; min-width: 0px; min-height: 0px; border: 0px; padding: 0px; margin: 0px; position: relative;" tabindex="0" role="presentation" data-mathml="&lt;math xmlns=&quot;http://www.w3.org/1998/Math/MathML&quot;&gt;&lt;mi&gt;x&lt;/mi&gt;&lt;/math&gt;"><span id="MathJax-Span-383" class="math"><span id="MathJax-Span-384" class="mrow"><span id="MathJax-Span-385" class="mi">x</span></span></span><span class="MJX_Assistive_MathML" role="presentation">x</span></span>&nbsp;near&nbsp;<span id="MathJax-Element-82-Frame" class="MathJax" style="display: inline-table; font-style: normal; font-weight: normal; line-height: normal; font-size: 17.6px; text-indent: 0px; text-align: left; text-transform: none; letter-spacing: normal; word-spacing: normal; overflow-wrap: normal; white-space: nowrap; float: none; direction: ltr; max-width: none; max-height: none; min-width: 0px; min-height: 0px; border: 0px; padding: 0px; margin: 0px; position: relative;" tabindex="0" role="presentation" data-mathml="&lt;math xmlns=&quot;http://www.w3.org/1998/Math/MathML&quot;&gt;&lt;mn&gt;1&lt;/mn&gt;&lt;/math&gt;"><span id="MathJax-Span-386" class="math"><span id="MathJax-Span-387" class="mrow"><span id="MathJax-Span-388" class="mn">1</span></span></span><span class="MJX_Assistive_MathML" role="presentation">1</span></span>, we have&nbsp;<span id="MathJax-Element-83-Frame" class="MathJax" style="display: inline-table; font-style: normal; font-weight: normal; line-height: normal; font-size: 17.6px; text-indent: 0px; text-align: left; text-transform: none; letter-spacing: normal; word-spacing: normal; overflow-wrap: normal; white-space: nowrap; float: none; direction: ltr; max-width: none; max-height: none; min-width: 0px; min-height: 0px; border: 0px; padding: 0px; margin: 0px; position: relative;" tabindex="0" role="presentation" data-mathml="&lt;math xmlns=&quot;http://www.w3.org/1998/Math/MathML&quot;&gt;&lt;mi&gt;sin&lt;/mi&gt;&lt;mo&gt;&amp;#x2061;&lt;/mo&gt;&lt;mo stretchy=&quot;false&quot;&gt;(&lt;/mo&gt;&lt;mi&gt;x&lt;/mi&gt;&lt;mo stretchy=&quot;false&quot;&gt;)&lt;/mo&gt;&lt;mrow class=&quot;MJX-TeXAtom-ORD&quot;&gt;&lt;mo&gt;/&lt;/mo&gt;&lt;/mrow&gt;&lt;mi&gt;x&lt;/mi&gt;&lt;/math&gt;"><span id="MathJax-Span-389" class="math"><span id="MathJax-Span-390" class="mrow"><span id="MathJax-Span-391" class="mi">sin</span><span id="MathJax-Span-392" class="mo"></span><span id="MathJax-Span-393" class="mo">(</span><span id="MathJax-Span-394" class="mi">x</span><span id="MathJax-Span-395" class="mo">)</span><span id="MathJax-Span-396" class="texatom"><span id="MathJax-Span-397" class="mrow"><span id="MathJax-Span-398" class="mo">/</span></span></span><span id="MathJax-Span-399" class="mi">x</span></span></span><span class="MJX_Assistive_MathML" role="presentation">sin?(x)/x</span></span>&nbsp;near&nbsp;<span id="MathJax-Element-84-Frame" class="MathJax" style="display: inline-table; font-style: normal; font-weight: normal; line-height: normal; font-size: 17.6px; text-indent: 0px; text-align: left; text-transform: none; letter-spacing: normal; word-spacing: normal; overflow-wrap: normal; white-space: nowrap; float: none; direction: ltr; max-width: none; max-height: none; min-width: 0px; min-height: 0px; border: 0px; padding: 0px; margin: 0px; position: relative;" tabindex="0" role="presentation" data-mathml="&lt;math xmlns=&quot;http://www.w3.org/1998/Math/MathML&quot;&gt;&lt;mn&gt;0.841&lt;/mn&gt;&lt;/math&gt;"><span id="MathJax-Span-400" class="math"><span id="MathJax-Span-401" class="mrow"><span id="MathJax-Span-402" class="mn">0.841</span></span></span><span class="MJX_Assistive_MathML" role="presentation">0.841</span></span>. The&nbsp;<span id="MathJax-Element-85-Frame" class="MathJax" style="display: inline-table; font-style: normal; font-weight: normal; line-height: normal; font-size: 17.6px; text-indent: 0px; text-align: left; text-transform: none; letter-spacing: normal; word-spacing: normal; overflow-wrap: normal; white-space: nowrap; float: none; direction: ltr; max-width: none; max-height: none; min-width: 0px; min-height: 0px; border: 0px; padding: 0px; margin: 0px; position: relative;" tabindex="0" role="presentation" data-mathml="&lt;math xmlns=&quot;http://www.w3.org/1998/Math/MathML&quot;&gt;&lt;mi&gt;x&lt;/mi&gt;&lt;mo&gt;=&lt;/mo&gt;&lt;mn&gt;1&lt;/mn&gt;&lt;/math&gt;"><span id="MathJax-Span-403" class="math"><span id="MathJax-Span-404" class="mrow"><span id="MathJax-Span-405" class="mi">x</span><span id="MathJax-Span-406" class="mo">=</span><span id="MathJax-Span-407" class="mn">1</span></span></span><span class="MJX_Assistive_MathML" role="presentation">x=1</span></span>&nbsp;row is in bold to highlight the fact that when considering limits, we are&nbsp;<em>not</em>&nbsp;concerned with the value of the function at that particular&nbsp;<span id="MathJax-Element-86-Frame" class="MathJax" style="display: inline-table; font-style: normal; font-weight: normal; line-height: normal; font-size: 17.6px; text-indent: 0px; text-align: left; text-transform: none; letter-spacing: normal; word-spacing: normal; overflow-wrap: normal; white-space: nowrap; float: none; direction: ltr; max-width: none; max-height: none; min-width: 0px; min-height: 0px; border: 0px; padding: 0px; margin: 0px; position: relative;" tabindex="0" role="presentation" data-mathml="&lt;math xmlns=&quot;http://www.w3.org/1998/Math/MathML&quot;&gt;&lt;mi&gt;x&lt;/mi&gt;&lt;/math&gt;"><span id="MathJax-Span-408" class="math"><span id="MathJax-Span-409" class="mrow"><span id="MathJax-Span-410" class="mi">x</span></span></span><span class="MJX_Assistive_MathML" role="presentation">x</span></span>&nbsp;value; we are only concerned with the values of the function when&nbsp;<span id="MathJax-Element-87-Frame" class="MathJax" style="display: inline-table; font-style: normal; font-weight: normal; line-height: normal; font-size: 17.6px; text-indent: 0px; text-align: left; text-transform: none; letter-spacing: normal; word-spacing: normal; overflow-wrap: normal; white-space: nowrap; float: none; direction: ltr; max-width: none; max-height: none; min-width: 0px; min-height: 0px; border: 0px; padding: 0px; margin: 0px; position: relative;" tabindex="0" role="presentation" data-mathml="&lt;math xmlns=&quot;http://www.w3.org/1998/Math/MathML&quot;&gt;&lt;mi&gt;x&lt;/mi&gt;&lt;/math&gt;"><span id="MathJax-Span-411" class="math"><span id="MathJax-Span-412" class="mrow"><span id="MathJax-Span-413" class="mi">x</span></span></span><span class="MJX_Assistive_MathML" role="presentation">x</span></span>&nbsp;is&nbsp;<em>near</em>&nbsp;1.</p>\r\n<p class="lt-math-4150">Now approximate&nbsp;<span id="MathJax-Element-88-Frame" class="MathJax" style="display: inline-table; font-style: normal; font-weight: normal; line-height: normal; font-size: 17.6px; text-indent: 0px; text-align: left; text-transform: none; letter-spacing: normal; word-spacing: normal; overflow-wrap: normal; white-space: nowrap; float: none; direction: ltr; max-width: none; max-height: none; min-width: 0px; min-height: 0px; border: 0px; padding: 0px; margin: 0px; position: relative;" tabindex="0" role="presentation" data-mathml="&lt;math xmlns=&quot;http://www.w3.org/1998/Math/MathML&quot;&gt;&lt;munder&gt;&lt;mo movablelimits=&quot;true&quot; form=&quot;prefix&quot;&gt;lim&lt;/mo&gt;&lt;mrow class=&quot;MJX-TeXAtom-ORD&quot;&gt;&lt;mi&gt;x&lt;/mi&gt;&lt;mo stretchy=&quot;false&quot;&gt;&amp;#x2192;&lt;/mo&gt;&lt;mn&gt;0&lt;/mn&gt;&lt;/mrow&gt;&lt;/munder&gt;&lt;mi&gt;sin&lt;/mi&gt;&lt;mo&gt;&amp;#x2061;&lt;/mo&gt;&lt;mo stretchy=&quot;false&quot;&gt;(&lt;/mo&gt;&lt;mi&gt;x&lt;/mi&gt;&lt;mo stretchy=&quot;false&quot;&gt;)&lt;/mo&gt;&lt;mrow class=&quot;MJX-TeXAtom-ORD&quot;&gt;&lt;mo&gt;/&lt;/mo&gt;&lt;/mrow&gt;&lt;mi&gt;x&lt;/mi&gt;&lt;/math&gt;"><span id="MathJax-Span-414" class="math"><span id="MathJax-Span-415" class="mrow"><span id="MathJax-Span-416" class="munderover"><span id="MathJax-Span-417" class="mo">lim</span><span id="MathJax-Span-418" class="texatom"><span id="MathJax-Span-419" class="mrow"><span id="MathJax-Span-420" class="mi">x</span><span id="MathJax-Span-421" class="mo">&rarr;</span><span id="MathJax-Span-422" class="mn">0</span></span></span></span><span id="MathJax-Span-423" class="mi">sin</span><span id="MathJax-Span-424" class="mo"></span><span id="MathJax-Span-425" class="mo">(</span><span id="MathJax-Span-426" class="mi">x</span><span id="MathJax-Span-427" class="mo">)</span><span id="MathJax-Span-428" class="texatom"><span id="MathJax-Span-429" class="mrow"><span id="MathJax-Span-430" class="mo">/</span></span></span><span id="MathJax-Span-431" class="mi">x</span></span></span><span class="MJX_Assistive_MathML" role="presentation">limx&rarr;0sin?(x)/x</span></span>&nbsp;numerically. We already approximated the value of this limit as 1 graphically in Figure 1.2. The table in Figure 1.4 shows the value of&nbsp;<span id="MathJax-Element-89-Frame" class="MathJax" style="display: inline-table; font-style: normal; font-weight: normal; line-height: normal; font-size: 17.6px; text-indent: 0px; text-align: left; text-transform: none; letter-spacing: normal; word-spacing: normal; overflow-wrap: normal; white-space: nowrap; float: none; direction: ltr; max-width: none; max-height: none; min-width: 0px; min-height: 0px; border: 0px; padding: 0px; margin: 0px; position: relative;" tabindex="0" role="presentation" data-mathml="&lt;math xmlns=&quot;http://www.w3.org/1998/Math/MathML&quot;&gt;&lt;mi&gt;sin&lt;/mi&gt;&lt;mo&gt;&amp;#x2061;&lt;/mo&gt;&lt;mo stretchy=&quot;false&quot;&gt;(&lt;/mo&gt;&lt;mi&gt;x&lt;/mi&gt;&lt;mo stretchy=&quot;false&quot;&gt;)&lt;/mo&gt;&lt;mrow class=&quot;MJX-TeXAtom-ORD&quot;&gt;&lt;mo&gt;/&lt;/mo&gt;&lt;/mrow&gt;&lt;mi&gt;x&lt;/mi&gt;&lt;/math&gt;"><span id="MathJax-Span-432" class="math"><span id="MathJax-Span-433" class="mrow"><span id="MathJax-Span-434" class="mi">sin</span><span id="MathJax-Span-435" class="mo"></span><span id="MathJax-Span-436" class="mo">(</span><span id="MathJax-Span-437" class="mi">x</span><span id="MathJax-Span-438" class="mo">)</span><span id="MathJax-Span-439" class="texatom"><span id="MathJax-Span-440" class="mrow"><span id="MathJax-Span-441" class="mo">/</span></span></span><span id="MathJax-Span-442" class="mi">x</span></span></span><span class="MJX_Assistive_MathML" role="presentation">sin?(x)/x</span></span>&nbsp;for values of&nbsp;<span id="MathJax-Element-90-Frame" class="MathJax" style="display: inline-table; font-style: normal; font-weight: normal; line-height: normal; font-size: 17.6px; text-indent: 0px; text-align: left; text-transform: none; letter-spacing: normal; word-spacing: normal; overflow-wrap: normal; white-space: nowrap; float: none; direction: ltr; max-width: none; max-height: none; min-width: 0px; min-height: 0px; border: 0px; padding: 0px; margin: 0px; position: relative;" tabindex="0" role="presentation" data-mathml="&lt;math xmlns=&quot;http://www.w3.org/1998/Math/MathML&quot;&gt;&lt;mi&gt;x&lt;/mi&gt;&lt;/math&gt;"><span id="MathJax-Span-443" class="math"><span id="MathJax-Span-444" class="mrow"><span id="MathJax-Span-445" class="mi">x</span></span></span><span class="MJX_Assistive_MathML" role="presentation">x</span></span>&nbsp;near 0. Ten places after the decimal point are shown to highlight how close to 1 the value of&nbsp;<span id="MathJax-Element-91-Frame" class="MathJax" style="display: inline-table; font-style: normal; font-weight: normal; line-height: normal; font-size: 17.6px; text-indent: 0px; text-align: left; text-transform: none; letter-spacing: normal; word-spacing: normal; overflow-wrap: normal; white-space: nowrap; float: none; direction: ltr; max-width: none; max-height: none; min-width: 0px; min-height: 0px; border: 0px; padding: 0px; margin: 0px; position: relative;" tabindex="0" role="presentation" data-mathml="&lt;math xmlns=&quot;http://www.w3.org/1998/Math/MathML&quot;&gt;&lt;mi&gt;sin&lt;/mi&gt;&lt;mo&gt;&amp;#x2061;&lt;/mo&gt;&lt;mo stretchy=&quot;false&quot;&gt;(&lt;/mo&gt;&lt;mi&gt;x&lt;/mi&gt;&lt;mo stretchy=&quot;false&quot;&gt;)&lt;/mo&gt;&lt;mrow class=&quot;MJX-TeXAtom-ORD&quot;&gt;&lt;mo&gt;/&lt;/mo&gt;&lt;/mrow&gt;&lt;mi&gt;x&lt;/mi&gt;&lt;/math&gt;"><span id="MathJax-Span-446" class="math"><span id="MathJax-Span-447" class="mrow"><span id="MathJax-Span-448" class="mi">sin</span><span id="MathJax-Span-449" class="mo"></span><span id="MathJax-Span-450" class="mo">(</span><span id="MathJax-Span-451" class="mi">x</span><span id="MathJax-Span-452" class="mo">)</span><span id="MathJax-Span-453" class="texatom"><span id="MathJax-Span-454" class="mrow"><span id="MathJax-Span-455" class="mo">/</span></span></span><span id="MathJax-Span-456" class="mi">x</span></span></span><span class="MJX_Assistive_MathML" role="presentation">sin?(x)/x</span></span>&nbsp;gets as&nbsp;<span id="MathJax-Element-92-Frame" class="MathJax" style="display: inline-table; font-style: normal; font-weight: normal; line-height: normal; font-size: 17.6px; text-indent: 0px; text-align: left; text-transform: none; letter-spacing: normal; word-spacing: normal; overflow-wrap: normal; white-space: nowrap; float: none; direction: ltr; max-width: none; max-height: none; min-width: 0px; min-height: 0px; border: 0px; padding: 0px; margin: 0px; position: relative;" tabindex="0" role="presentation" data-mathml="&lt;math xmlns=&quot;http://www.w3.org/1998/Math/MathML&quot;&gt;&lt;mi&gt;x&lt;/mi&gt;&lt;/math&gt;"><span id="MathJax-Span-457" class="math"><span id="MathJax-Span-458" class="mrow"><span id="MathJax-Span-459" class="mi">x</span></span></span><span class="MJX_Assistive_MathML" role="presentation">x</span></span>&nbsp;takes on values very near 0. We include the&nbsp;<span id="MathJax-Element-93-Frame" class="MathJax" style="display: inline-table; font-style: normal; font-weight: normal; line-height: normal; font-size: 17.6px; text-indent: 0px; text-align: left; text-transform: none; letter-spacing: normal; word-spacing: normal; overflow-wrap: normal; white-space: nowrap; float: none; direction: ltr; max-width: none; max-height: none; min-width: 0px; min-height: 0px; border: 0px; padding: 0px; margin: 0px; position: relative;" tabindex="0" role="presentation" data-mathml="&lt;math xmlns=&quot;http://www.w3.org/1998/Math/MathML&quot;&gt;&lt;mi&gt;x&lt;/mi&gt;&lt;mo&gt;=&lt;/mo&gt;&lt;mn&gt;0&lt;/mn&gt;&lt;/math&gt;"><span id="MathJax-Span-460" class="math"><span id="MathJax-Span-461" class="mrow"><span id="MathJax-Span-462" class="mi">x</span><span id="MathJax-Span-463" class="mo">=</span><span id="MathJax-Span-464" class="mn">0</span></span></span><span class="MJX_Assistive_MathML" role="presentation">x=0</span></span>&nbsp;row in bold again to stress that we are not concerned with the value of our function at&nbsp;<span id="MathJax-Element-94-Frame" class="MathJax" style="display: inline-table; font-style: normal; font-weight: normal; line-height: normal; font-size: 17.6px; text-indent: 0px; text-align: left; text-transform: none; letter-spacing: normal; word-spacing: normal; overflow-wrap: normal; white-space: nowrap; float: none; direction: ltr; max-width: none; max-height: none; min-width: 0px; min-height: 0px; border: 0px; padding: 0px; margin: 0px; position: relative;" tabindex="0" role="presentation" data-mathml="&lt;math xmlns=&quot;http://www.w3.org/1998/Math/MathML&quot;&gt;&lt;mi&gt;x&lt;/mi&gt;&lt;mo&gt;=&lt;/mo&gt;&lt;mn&gt;0&lt;/mn&gt;&lt;/math&gt;"><span id="MathJax-Span-465" class="math"><span id="MathJax-Span-466" class="mrow"><span id="MathJax-Span-467" class="mi">x</span><span id="MathJax-Span-468" class="mo">=</span><span id="MathJax-Span-469" class="mn">0</span></span></span><span class="MJX_Assistive_MathML" role="presentation">x=0</span></span>, only on the behavior of the function&nbsp;<em>near&nbsp;</em>0.</p>\r\n<p class="mt-align-center lt-math-4150"><img class="internal" src="https://math.libretexts.org/@api/deki/files/3596/1.4.png?revision=1&amp;size=bestfit&amp;width=267&amp;height=219" alt="alt" width="267px" height="219px" loading="lazy"><br><span id="MathJax-Element-95-Frame" class="MathJax" style="display: inline-table; font-style: normal; font-weight: normal; line-height: normal; font-size: 17.6px; text-indent: 0px; text-align: left; text-transform: none; letter-spacing: normal; word-spacing: normal; overflow-wrap: normal; white-space: nowrap; float: none; direction: ltr; max-width: none; max-height: none; min-width: 0px; min-height: 0px; border: 0px; padding: 0px; margin: 0px; position: relative;" tabindex="0" role="presentation" data-mathml="&lt;math xmlns=&quot;http://www.w3.org/1998/Math/MathML&quot;&gt;&lt;mtext&gt;FIGURE 1.4&lt;/mtext&gt;&lt;/math&gt;"><span id="MathJax-Span-470" class="math"><span id="MathJax-Span-471" class="mrow"><span id="MathJax-Span-472" class="mtext">FIGURE 1.4</span></span></span><span class="MJX_Assistive_MathML" role="presentation">FIGURE 1.4</span></span>: Values of&nbsp;<span id="MathJax-Element-96-Frame" class="MathJax" style="display: inline-table; font-style: normal; font-weight: normal; line-height: normal; font-size: 17.6px; text-indent: 0px; text-align: left; text-transform: none; letter-spacing: normal; word-spacing: normal; overflow-wrap: normal; white-space: nowrap; float: none; direction: ltr; max-width: none; max-height: none; min-width: 0px; min-height: 0px; border: 0px; padding: 0px; margin: 0px; position: relative;" tabindex="0" role="presentation" data-mathml="&lt;math xmlns=&quot;http://www.w3.org/1998/Math/MathML&quot;&gt;&lt;mi&gt;sin&lt;/mi&gt;&lt;mo&gt;&amp;#x2061;&lt;/mo&gt;&lt;mo stretchy=&quot;false&quot;&gt;(&lt;/mo&gt;&lt;mi&gt;x&lt;/mi&gt;&lt;mo stretchy=&quot;false&quot;&gt;)&lt;/mo&gt;&lt;mrow class=&quot;MJX-TeXAtom-ORD&quot;&gt;&lt;mo&gt;/&lt;/mo&gt;&lt;/mrow&gt;&lt;mi&gt;x&lt;/mi&gt;&lt;mtext&gt;&amp;#xA0;with&amp;#xA0;&lt;/mtext&gt;&lt;mi&gt;x&lt;/mi&gt;&lt;mtext&gt;&amp;#xA0;near&amp;#xA0;&lt;/mtext&gt;&lt;mn&gt;1.&lt;/mn&gt;&lt;/math&gt;"><span id="MathJax-Span-473" class="math"><span id="MathJax-Span-474" class="mrow"><span id="MathJax-Span-475" class="mi">sin</span><span id="MathJax-Span-476" class="mo"></span><span id="MathJax-Span-477" class="mo">(</span><span id="MathJax-Span-478" class="mi">x</span><span id="MathJax-Span-479" class="mo">)</span><span id="MathJax-Span-480" class="texatom"><span id="MathJax-Span-481" class="mrow"><span id="MathJax-Span-482" class="mo">/</span></span></span><span id="MathJax-Span-483" class="mi">x</span><span id="MathJax-Span-484" class="mtext">&nbsp;with&nbsp;</span><span id="MathJax-Span-485" class="mi">x</span><span id="MathJax-Span-486" class="mtext">&nbsp;near&nbsp;</span><span id="MathJax-Span-487" class="mn">1.</span></span></span><span class="MJX_Assistive_MathML" role="presentation">sin?(x)/x&nbsp;with&nbsp;x&nbsp;near&nbsp;1.</span></span></p>\r\n<p class="lt-math-4150">This numerical method gives confidence to say that 1 is a good approximation of&nbsp;<span id="MathJax-Element-97-Frame" class="MathJax" style="display: inline-table; font-style: normal; font-weight: normal; line-height: normal; font-size: 17.6px; text-indent: 0px; text-align: left; text-transform: none; letter-spacing: normal; word-spacing: normal; overflow-wrap: normal; white-space: nowrap; float: none; direction: ltr; max-width: none; max-height: none; min-width: 0px; min-height: 0px; border: 0px; padding: 0px; margin: 0px; position: relative;" tabindex="0" role="presentation" data-mathml="&lt;math xmlns=&quot;http://www.w3.org/1998/Math/MathML&quot;&gt;&lt;munder&gt;&lt;mo movablelimits=&quot;true&quot; form=&quot;prefix&quot;&gt;lim&lt;/mo&gt;&lt;mrow class=&quot;MJX-TeXAtom-ORD&quot;&gt;&lt;mi&gt;x&lt;/mi&gt;&lt;mo stretchy=&quot;false&quot;&gt;&amp;#x2192;&lt;/mo&gt;&lt;mn&gt;0&lt;/mn&gt;&lt;/mrow&gt;&lt;/munder&gt;&lt;mi&gt;sin&lt;/mi&gt;&lt;mo&gt;&amp;#x2061;&lt;/mo&gt;&lt;mo stretchy=&quot;false&quot;&gt;(&lt;/mo&gt;&lt;mi&gt;x&lt;/mi&gt;&lt;mo stretchy=&quot;false&quot;&gt;)&lt;/mo&gt;&lt;mrow class=&quot;MJX-TeXAtom-ORD&quot;&gt;&lt;mo&gt;/&lt;/mo&gt;&lt;/mrow&gt;&lt;mi&gt;x&lt;/mi&gt;&lt;/math&gt;"><span id="MathJax-Span-488" class="math"><span id="MathJax-Span-489" class="mrow"><span id="MathJax-Span-490" class="munderover"><span id="MathJax-Span-491" class="mo">lim</span><span id="MathJax-Span-492" class="texatom"><span id="MathJax-Span-493" class="mrow"><span id="MathJax-Span-494" class="mi">x</span><span id="MathJax-Span-495" class="mo">&rarr;</span><span id="MathJax-Span-496" class="mn">0</span></span></span></span><span id="MathJax-Span-497" class="mi">sin</span><span id="MathJax-Span-498" class="mo"></span><span id="MathJax-Span-499" class="mo">(</span><span id="MathJax-Span-500" class="mi">x</span><span id="MathJax-Span-501" class="mo">)</span><span id="MathJax-Span-502" class="texatom"><span id="MathJax-Span-503" class="mrow"><span id="MathJax-Span-504" class="mo">/</span></span></span><span id="MathJax-Span-505" class="mi">x</span></span></span><span class="MJX_Assistive_MathML" role="presentation">limx&rarr;0sin?(x)/x</span></span>; that is,</p>\r\n<p class="lt-math-4150">&nbsp;</p>\r\n<div class="MathJax_Display"><span id="MathJax-Element-98-Frame" class="MathJax MathJax_FullWidth" style="display: inline-table; font-style: normal; font-weight: normal; line-height: normal; font-size: 17.6px; text-indent: 0px; text-align: center; text-transform: none; letter-spacing: normal; word-spacing: normal; overflow-wrap: normal; white-space: nowrap; float: none; direction: ltr; max-width: none; max-height: none; min-width: 0px; min-height: 0px; border: 0px; padding: 0px; margin: 0px; width: 10000em !important; position: relative;" tabindex="0" role="presentation" data-mathml="&lt;math xmlns=&quot;http://www.w3.org/1998/Math/MathML&quot; display=&quot;block&quot;&gt;&lt;mtable displaystyle=&quot;true&quot;&gt;&lt;mlabeledtr&gt;&lt;mtd id=&quot;mjx-eqn-1.1.1&quot;&gt;&lt;mtext&gt;(1.1.1)&lt;/mtext&gt;&lt;/mtd&gt;&lt;mtd&gt;&lt;munder&gt;&lt;mo movablelimits=&quot;true&quot; form=&quot;prefix&quot;&gt;lim&lt;/mo&gt;&lt;mrow class=&quot;MJX-TeXAtom-ORD&quot;&gt;&lt;mi&gt;x&lt;/mi&gt;&lt;mo stretchy=&quot;false&quot;&gt;&amp;#x2192;&lt;/mo&gt;&lt;mn&gt;0&lt;/mn&gt;&lt;/mrow&gt;&lt;/munder&gt;&lt;mi&gt;sin&lt;/mi&gt;&lt;mo&gt;&amp;#x2061;&lt;/mo&gt;&lt;mo stretchy=&quot;false&quot;&gt;(&lt;/mo&gt;&lt;mi&gt;x&lt;/mi&gt;&lt;mo stretchy=&quot;false&quot;&gt;)&lt;/mo&gt;&lt;mrow class=&quot;MJX-TeXAtom-ORD&quot;&gt;&lt;mo&gt;/&lt;/mo&gt;&lt;/mrow&gt;&lt;mi&gt;x&lt;/mi&gt;&lt;mo&gt;&amp;#x2248;&lt;/mo&gt;&lt;mn&gt;1.&lt;/mn&gt;&lt;/mtd&gt;&lt;/mlabeledtr&gt;&lt;/mtable&gt;&lt;/math&gt;"><span id="MathJax-Span-506" class="math"><span id="MathJax-Span-507" class="mrow"><span id="MathJax-Span-508" class="mtable"><span id="MathJax-Span-512" class="mtd"><span id="MathJax-Span-513" class="mrow"><span id="MathJax-Span-514" class="munderover"><span id="MathJax-Span-515" class="mo">lim</span><span id="MathJax-Span-516" class="texatom"><span id="MathJax-Span-517" class="mrow"><span id="MathJax-Span-518" class="mi">x</span><span id="MathJax-Span-519" class="mo">&rarr;</span><span id="MathJax-Span-520" class="mn">0</span></span></span></span><span id="MathJax-Span-521" class="mi">sin</span><span id="MathJax-Span-522" class="mo"></span><span id="MathJax-Span-523" class="mo">(</span><span id="MathJax-Span-524" class="mi">x</span><span id="MathJax-Span-525" class="mo">)</span><span id="MathJax-Span-526" class="texatom"><span id="MathJax-Span-527" class="mrow"><span id="MathJax-Span-528" class="mo">/</span></span></span><span id="MathJax-Span-529" class="mi">x</span><span id="MathJax-Span-530" class="mo">&asymp;</span><span id="MathJax-Span-531" class="mn">1.</span></span></span><span id="mjx-eqn-1.1.1" class="mtd"><span id="MathJax-Span-510" class="mrow"><span id="MathJax-Span-511" class="mtext">(1.1.1)</span></span></span></span></span></span><span class="MJX_Assistive_MathML MJX_Assistive_MathML_Block" role="presentation">(1.1.1)limx&rarr;0sin?(x)/x&asymp;1.</span></span></div>\r\n<p>&nbsp;</p>\r\n<p class="lt-math-4150">Later we will be able to prove that the limit is&nbsp;<em>exactly</em>&nbsp;1.</p>\r\n<p class="lt-math-4150">We now consider several examples that allow us explore different aspects of the limit concept.</p>\r\n<p class="mt-align-center lt-math-4150"><img class="internal" src="https://math.libretexts.org/@api/deki/files/3597/1.5.png?revision=1&amp;size=bestfit&amp;width=331&amp;height=314" alt="alt" width="331px" height="314px" loading="lazy"><br><span id="MathJax-Element-99-Frame" class="MathJax" style="display: inline-table; font-style: normal; font-weight: normal; line-height: normal; font-size: 17.6px; text-indent: 0px; text-align: left; text-transform: none; letter-spacing: normal; word-spacing: normal; overflow-wrap: normal; white-space: nowrap; float: none; direction: ltr; max-width: none; max-height: none; min-width: 0px; min-height: 0px; border: 0px; padding: 0px; margin: 0px; position: relative;" tabindex="0" role="presentation" data-mathml="&lt;math xmlns=&quot;http://www.w3.org/1998/Math/MathML&quot;&gt;&lt;mtext&gt;FIGURE 1.5&lt;/mtext&gt;&lt;/math&gt;"><span id="MathJax-Span-532" class="math"><span id="MathJax-Span-533" class="mrow"><span id="MathJax-Span-534" class="mtext">FIGURE 1.5</span></span></span><span class="MJX_Assistive_MathML" role="presentation">FIGURE 1.5</span></span>: Graphically approximating a limit in Example 1.</p>\r\n<p class="mt-align-center lt-math-4150"><img class="internal" src="https://math.libretexts.org/@api/deki/files/3598/1.6.png?revision=1&amp;size=bestfit&amp;width=222&amp;height=239" alt="alt" width="222px" height="239px" loading="lazy"><br><span id="MathJax-Element-100-Frame" class="MathJax" style="display: inline-table; font-style: normal; font-weight: normal; line-height: normal; font-size: 17.6px; text-indent: 0px; text-align: left; text-transform: none; letter-spacing: normal; word-spacing: normal; overflow-wrap: normal; white-space: nowrap; float: none; direction: ltr; max-width: none; max-height: none; min-width: 0px; min-height: 0px; border: 0px; padding: 0px; margin: 0px; position: relative;" tabindex="0" role="presentation" data-mathml="&lt;math xmlns=&quot;http://www.w3.org/1998/Math/MathML&quot;&gt;&lt;mtext&gt;FIGURE 1.6&lt;/mtext&gt;&lt;/math&gt;"><span id="MathJax-Span-535" class="math"><span id="MathJax-Span-536" class="mrow"><span id="MathJax-Span-537" class="mtext">FIGURE 1.6</span></span></span><span class="MJX_Assistive_MathML" role="presentation">FIGURE 1.6</span></span>: Numerically approximating a limit in Example 1.</p>\r\n<div class="box-example">\r\n<p class="box-legend lt-math-4150">Example 1: Approximating the value of a limit</p>\r\n<p class="lt-math-4150">Use graphical and numerical methods to approximate</p>\r\n<p class="lt-math-4150">&nbsp;</p>\r\n<div class="MathJax_Display"><span id="MathJax-Element-101-Frame" class="MathJax MathJax_FullWidth" style="display: inline-table; font-style: normal; font-weight: normal; line-height: normal; font-size: 17.6px; text-indent: 0px; text-align: center; text-transform: none; letter-spacing: normal; word-spacing: normal; overflow-wrap: normal; white-space: nowrap; float: none; direction: ltr; max-width: none; max-height: none; min-width: 0px; min-height: 0px; border: 0px; padding: 0px; margin: 0px; width: 10000em !important; position: relative;" tabindex="0" role="presentation" data-mathml="&lt;math xmlns=&quot;http://www.w3.org/1998/Math/MathML&quot; display=&quot;block&quot;&gt;&lt;mtable displaystyle=&quot;true&quot;&gt;&lt;mlabeledtr&gt;&lt;mtd id=&quot;mjx-eqn-1.1.2&quot;&gt;&lt;mtext&gt;(1.1.2)&lt;/mtext&gt;&lt;/mtd&gt;&lt;mtd&gt;&lt;munder&gt;&lt;mo movablelimits=&quot;true&quot; form=&quot;prefix&quot;&gt;lim&lt;/mo&gt;&lt;mrow class=&quot;MJX-TeXAtom-ORD&quot;&gt;&lt;mi&gt;x&lt;/mi&gt;&lt;mo stretchy=&quot;false&quot;&gt;&amp;#x2192;&lt;/mo&gt;&lt;mn&gt;3&lt;/mn&gt;&lt;/mrow&gt;&lt;/munder&gt;&lt;mfrac&gt;&lt;mrow&gt;&lt;msup&gt;&lt;mi&gt;x&lt;/mi&gt;&lt;mn&gt;2&lt;/mn&gt;&lt;/msup&gt;&lt;mo&gt;&amp;#x2212;&lt;/mo&gt;&lt;mi&gt;x&lt;/mi&gt;&lt;mo&gt;&amp;#x2212;&lt;/mo&gt;&lt;mn&gt;6&lt;/mn&gt;&lt;/mrow&gt;&lt;mrow&gt;&lt;mn&gt;6&lt;/mn&gt;&lt;msup&gt;&lt;mi&gt;x&lt;/mi&gt;&lt;mn&gt;2&lt;/mn&gt;&lt;/msup&gt;&lt;mo&gt;&amp;#x2212;&lt;/mo&gt;&lt;mn&gt;19&lt;/mn&gt;&lt;mi&gt;x&lt;/mi&gt;&lt;mo&gt;+&lt;/mo&gt;&lt;mn&gt;3&lt;/mn&gt;&lt;/mrow&gt;&lt;/mfrac&gt;&lt;mo&gt;.&lt;/mo&gt;&lt;/mtd&gt;&lt;/mlabeledtr&gt;&lt;/mtable&gt;&lt;/math&gt;"><span id="MathJax-Span-538" class="math"><span id="MathJax-Span-539" class="mrow"><span id="MathJax-Span-540" class="mtable"><span id="MathJax-Span-544" class="mtd"><span id="MathJax-Span-545" class="mrow"><span id="MathJax-Span-546" class="munderover"><span id="MathJax-Span-547" class="mo">lim</span><span id="MathJax-Span-548" class="texatom"><span id="MathJax-Span-549" class="mrow"><span id="MathJax-Span-550" class="mi">x</span><span id="MathJax-Span-551" class="mo">&rarr;</span><span id="MathJax-Span-552" class="mn">3</span></span></span></span><span id="MathJax-Span-553" class="mfrac"><span id="MathJax-Span-554" class="mrow"><span id="MathJax-Span-555" class="msubsup"><span id="MathJax-Span-556" class="mi">x</span><span id="MathJax-Span-557" class="mn">2</span></span><span id="MathJax-Span-558" class="mo">&minus;</span><span id="MathJax-Span-559" class="mi">x</span><span id="MathJax-Span-560" class="mo">&minus;</span><span id="MathJax-Span-561" class="mn">6</span></span><span id="MathJax-Span-562" class="mrow"><span id="MathJax-Span-563" class="mn">6</span><span id="MathJax-Span-564" class="msubsup"><span id="MathJax-Span-565" class="mi">x</span><span id="MathJax-Span-566" class="mn">2</span></span><span id="MathJax-Span-567" class="mo">&minus;</span><span id="MathJax-Span-568" class="mn">19</span><span id="MathJax-Span-569" class="mi">x</span><span id="MathJax-Span-570" class="mo">+</span><span id="MathJax-Span-571" class="mn">3</span></span></span><span id="MathJax-Span-572" class="mo">.</span></span></span><span id="mjx-eqn-1.1.2" class="mtd"><span id="MathJax-Span-542" class="mrow"><span id="MathJax-Span-543" class="mtext">(1.1.2)</span></span></span></span></span></span><span class="MJX_Assistive_MathML MJX_Assistive_MathML_Block" role="presentation">(1.1.2)limx&rarr;3x2&minus;x&minus;66x2&minus;19x+3.</span></span></div>\r\n<p>&nbsp;</p>\r\n<p class="lt-math-4150"><strong>Solution:</strong><br>To graphically approximate the limit, graph</p>\r\n<p class="lt-math-4150">&nbsp;</p>\r\n<div class="MathJax_Display"><span id="MathJax-Element-102-Frame" class="MathJax MathJax_FullWidth" style="display: inline-table; font-style: normal; font-weight: normal; line-height: normal; font-size: 17.6px; text-indent: 0px; text-align: center; text-transform: none; letter-spacing: normal; word-spacing: normal; overflow-wrap: normal; white-space: nowrap; float: none; direction: ltr; max-width: none; max-height: none; min-width: 0px; min-height: 0px; border: 0px; padding: 0px; margin: 0px; width: 10000em !important; position: relative;" tabindex="0" role="presentation" data-mathml="&lt;math xmlns=&quot;http://www.w3.org/1998/Math/MathML&quot; display=&quot;block&quot;&gt;&lt;mtable displaystyle=&quot;true&quot;&gt;&lt;mlabeledtr&gt;&lt;mtd id=&quot;mjx-eqn-1.1.3&quot;&gt;&lt;mtext&gt;(1.1.3)&lt;/mtext&gt;&lt;/mtd&gt;&lt;mtd&gt;&lt;mi&gt;y&lt;/mi&gt;&lt;mo&gt;=&lt;/mo&gt;&lt;mo stretchy=&quot;false&quot;&gt;(&lt;/mo&gt;&lt;msup&gt;&lt;mi&gt;x&lt;/mi&gt;&lt;mn&gt;2&lt;/mn&gt;&lt;/msup&gt;&lt;mo&gt;&amp;#x2212;&lt;/mo&gt;&lt;mi&gt;x&lt;/mi&gt;&lt;mo&gt;&amp;#x2212;&lt;/mo&gt;&lt;mn&gt;6&lt;/mn&gt;&lt;mo stretchy=&quot;false&quot;&gt;)&lt;/mo&gt;&lt;mrow class=&quot;MJX-TeXAtom-ORD&quot;&gt;&lt;mo&gt;/&lt;/mo&gt;&lt;/mrow&gt;&lt;mo stretchy=&quot;false&quot;&gt;(&lt;/mo&gt;&lt;mn&gt;6&lt;/mn&gt;&lt;msup&gt;&lt;mi&gt;x&lt;/mi&gt;&lt;mn&gt;2&lt;/mn&gt;&lt;/msup&gt;&lt;mo&gt;&amp;#x2212;&lt;/mo&gt;&lt;mn&gt;19&lt;/mn&gt;&lt;mi&gt;x&lt;/mi&gt;&lt;mo&gt;+&lt;/mo&gt;&lt;mn&gt;3&lt;/mn&gt;&lt;mo stretchy=&quot;false&quot;&gt;)&lt;/mo&gt;&lt;/mtd&gt;&lt;/mlabeledtr&gt;&lt;/mtable&gt;&lt;/math&gt;"><span id="MathJax-Span-573" class="math"><span id="MathJax-Span-574" class="mrow"><span id="MathJax-Span-575" class="mtable"><span id="MathJax-Span-579" class="mtd"><span id="MathJax-Span-580" class="mrow"><span id="MathJax-Span-581" class="mi">y</span><span id="MathJax-Span-582" class="mo">=</span><span id="MathJax-Span-583" class="mo">(</span><span id="MathJax-Span-584" class="msubsup"><span id="MathJax-Span-585" class="mi">x</span><span id="MathJax-Span-586" class="mn">2</span></span><span id="MathJax-Span-587" class="mo">&minus;</span><span id="MathJax-Span-588" class="mi">x</span><span id="MathJax-Span-589" class="mo">&minus;</span><span id="MathJax-Span-590" class="mn">6</span><span id="MathJax-Span-591" class="mo">)</span><span id="MathJax-Span-592" class="texatom"><span id="MathJax-Span-593" class="mrow"><span id="MathJax-Span-594" class="mo">/</span></span></span><span id="MathJax-Span-595" class="mo">(</span><span id="MathJax-Span-596" class="mn">6</span><span id="MathJax-Span-597" class="msubsup"><span id="MathJax-Span-598" class="mi">x</span><span id="MathJax-Span-599" class="mn">2</span></span><span id="MathJax-Span-600" class="mo">&minus;</span><span id="MathJax-Span-601" class="mn">19</span><span id="MathJax-Span-602" class="mi">x</span><span id="MathJax-Span-603" class="mo">+</span><span id="MathJax-Span-604" class="mn">3</span><span id="MathJax-Span-605" class="mo">)</span></span></span><span id="mjx-eqn-1.1.3" class="mtd"><span id="MathJax-Span-577" class="mrow"><span id="MathJax-Span-578" class="mtext">(1.1.3)</span></span></span></span></span></span><span class="MJX_Assistive_MathML MJX_Assistive_MathML_Block" role="presentation">(1.1.3)y=(x2&minus;x&minus;6)/(6x2&minus;19x+3)</span></span></div>\r\n<p>&nbsp;</p>\r\n<p class="lt-math-4150">on a small interval that contains 3. To numerically approximate the limit, create a table of values where the&nbsp;<span id="MathJax-Element-103-Frame" class="MathJax" style="display: inline-table; font-style: normal; font-weight: normal; line-height: normal; font-size: 17.6px; text-indent: 0px; text-align: left; text-transform: none; letter-spacing: normal; word-spacing: normal; overflow-wrap: normal; white-space: nowrap; float: none; direction: ltr; max-width: none; max-height: none; min-width: 0px; min-height: 0px; border: 0px; padding: 0px; margin: 0px; position: relative;" tabindex="0" role="presentation" data-mathml="&lt;math xmlns=&quot;http://www.w3.org/1998/Math/MathML&quot;&gt;&lt;mi&gt;x&lt;/mi&gt;&lt;/math&gt;"><span id="MathJax-Span-606" class="math"><span id="MathJax-Span-607" class="mrow"><span id="MathJax-Span-608" class="mi">x</span></span></span><span class="MJX_Assistive_MathML" role="presentation">x</span></span>&nbsp;values are near 3. This is done in Figures 1.5 and 1.6, respectively.</p>\r\n<p class="lt-math-4150">The graph shows that when&nbsp;<span id="MathJax-Element-104-Frame" class="MathJax" style="display: inline-table; font-style: normal; font-weight: normal; line-height: normal; font-size: 17.6px; text-indent: 0px; text-align: left; text-transform: none; letter-spacing: normal; word-spacing: normal; overflow-wrap: normal; white-space: nowrap; float: none; direction: ltr; max-width: none; max-height: none; min-width: 0px; min-height: 0px; border: 0px; padding: 0px; margin: 0px; position: relative;" tabindex="0" role="presentation" data-mathml="&lt;math xmlns=&quot;http://www.w3.org/1998/Math/MathML&quot;&gt;&lt;mi&gt;x&lt;/mi&gt;&lt;/math&gt;"><span id="MathJax-Span-609" class="math"><span id="MathJax-Span-610" class="mrow"><span id="MathJax-Span-611" class="mi">x</span></span></span><span class="MJX_Assistive_MathML" role="presentation">x</span></span>&nbsp;is near 3, the value of&nbsp;<span id="MathJax-Element-105-Frame" class="MathJax" style="display: inline-table; font-style: normal; font-weight: normal; line-height: normal; font-size: 17.6px; text-indent: 0px; text-align: left; text-transform: none; letter-spacing: normal; word-spacing: normal; overflow-wrap: normal; white-space: nowrap; float: none; direction: ltr; max-width: none; max-height: none; min-width: 0px; min-height: 0px; border: 0px; padding: 0px; margin: 0px; position: relative;" tabindex="0" role="presentation" data-mathml="&lt;math xmlns=&quot;http://www.w3.org/1998/Math/MathML&quot;&gt;&lt;mi&gt;y&lt;/mi&gt;&lt;/math&gt;"><span id="MathJax-Span-612" class="math"><span id="MathJax-Span-613" class="mrow"><span id="MathJax-Span-614" class="mi">y</span></span></span><span class="MJX_Assistive_MathML" role="presentation">y</span></span>&nbsp;is very near&nbsp;<span id="MathJax-Element-106-Frame" class="MathJax" style="display: inline-table; font-style: normal; font-weight: normal; line-height: normal; font-size: 17.6px; text-indent: 0px; text-align: left; text-transform: none; letter-spacing: normal; word-spacing: normal; overflow-wrap: normal; white-space: nowrap; float: none; direction: ltr; max-width: none; max-height: none; min-width: 0px; min-height: 0px; border: 0px; padding: 0px; margin: 0px; position: relative;" tabindex="0" role="presentation" data-mathml="&lt;math xmlns=&quot;http://www.w3.org/1998/Math/MathML&quot;&gt;&lt;mn&gt;0.3&lt;/mn&gt;&lt;/math&gt;"><span id="MathJax-Span-615" class="math"><span id="MathJax-Span-616" class="mrow"><span id="MathJax-Span-617" class="mn">0.3</span></span></span><span class="MJX_Assistive_MathML" role="presentation">0.3</span></span>. By considering values of&nbsp;<span id="MathJax-Element-107-Frame" class="MathJax" style="display: inline-table; font-style: normal; font-weight: normal; line-height: normal; font-size: 17.6px; text-indent: 0px; text-align: left; text-transform: none; letter-spacing: normal; word-spacing: normal; overflow-wrap: normal; white-space: nowrap; float: none; direction: ltr; max-width: none; max-height: none; min-width: 0px; min-height: 0px; border: 0px; padding: 0px; margin: 0px; position: relative;" tabindex="0" role="presentation" data-mathml="&lt;math xmlns=&quot;http://www.w3.org/1998/Math/MathML&quot;&gt;&lt;mi&gt;x&lt;/mi&gt;&lt;/math&gt;"><span id="MathJax-Span-618" class="math"><span id="MathJax-Span-619" class="mrow"><span id="MathJax-Span-620" class="mi">x</span></span></span><span class="MJX_Assistive_MathML" role="presentation">x</span></span>&nbsp;near 3, we see that&nbsp;<span id="MathJax-Element-108-Frame" class="MathJax" style="display: inline-table; font-style: normal; font-weight: normal; line-height: normal; font-size: 17.6px; text-indent: 0px; text-align: left; text-transform: none; letter-spacing: normal; word-spacing: normal; overflow-wrap: normal; white-space: nowrap; float: none; direction: ltr; max-width: none; max-height: none; min-width: 0px; min-height: 0px; border: 0px; padding: 0px; margin: 0px; position: relative;" tabindex="0" role="presentation" data-mathml="&lt;math xmlns=&quot;http://www.w3.org/1998/Math/MathML&quot;&gt;&lt;mi&gt;y&lt;/mi&gt;&lt;mo&gt;=&lt;/mo&gt;&lt;mn&gt;0.294&lt;/mn&gt;&lt;/math&gt;"><span id="MathJax-Span-621" class="math"><span id="MathJax-Span-622" class="mrow"><span id="MathJax-Span-623" class="mi">y</span><span id="MathJax-Span-624" class="mo">=</span><span id="MathJax-Span-625" class="mn">0.294</span></span></span><span class="MJX_Assistive_MathML" role="presentation">y=0.294</span></span>&nbsp;is a better approximation. The graph and the table imply that</p>\r\n<p class="lt-math-4150">&nbsp;</p>\r\n<div class="MathJax_Display"><span id="MathJax-Element-109-Frame" class="MathJax MathJax_FullWidth" style="display: inline-table; font-style: normal; font-weight: normal; line-height: normal; font-size: 17.6px; text-indent: 0px; text-align: center; text-transform: none; letter-spacing: normal; word-spacing: normal; overflow-wrap: normal; white-space: nowrap; float: none; direction: ltr; max-width: none; max-height: none; min-width: 0px; min-height: 0px; border: 0px; padding: 0px; margin: 0px; width: 10000em !important; position: relative;" tabindex="0" role="presentation" data-mathml="&lt;math xmlns=&quot;http://www.w3.org/1998/Math/MathML&quot; display=&quot;block&quot;&gt;&lt;mtable displaystyle=&quot;true&quot;&gt;&lt;mlabeledtr&gt;&lt;mtd id=&quot;mjx-eqn-1.1.4&quot;&gt;&lt;mtext&gt;(1.1.4)&lt;/mtext&gt;&lt;/mtd&gt;&lt;mtd&gt;&lt;munder&gt;&lt;mo movablelimits=&quot;true&quot; form=&quot;prefix&quot;&gt;lim&lt;/mo&gt;&lt;mrow class=&quot;MJX-TeXAtom-ORD&quot;&gt;&lt;mi&gt;x&lt;/mi&gt;&lt;mo stretchy=&quot;false&quot;&gt;&amp;#x2192;&lt;/mo&gt;&lt;mn&gt;3&lt;/mn&gt;&lt;/mrow&gt;&lt;/munder&gt;&lt;mfrac&gt;&lt;mrow&gt;&lt;msup&gt;&lt;mi&gt;x&lt;/mi&gt;&lt;mn&gt;2&lt;/mn&gt;&lt;/msup&gt;&lt;mo&gt;&amp;#x2212;&lt;/mo&gt;&lt;mi&gt;x&lt;/mi&gt;&lt;mo&gt;&amp;#x2212;&lt;/mo&gt;&lt;mn&gt;6&lt;/mn&gt;&lt;/mrow&gt;&lt;mrow&gt;&lt;mn&gt;6&lt;/mn&gt;&lt;msup&gt;&lt;mi&gt;x&lt;/mi&gt;&lt;mn&gt;2&lt;/mn&gt;&lt;/msup&gt;&lt;mo&gt;&amp;#x2212;&lt;/mo&gt;&lt;mn&gt;19&lt;/mn&gt;&lt;mi&gt;x&lt;/mi&gt;&lt;mo&gt;+&lt;/mo&gt;&lt;mn&gt;3&lt;/mn&gt;&lt;/mrow&gt;&lt;/mfrac&gt;&lt;mo&gt;&amp;#x2248;&lt;/mo&gt;&lt;mn&gt;0.294.&lt;/mn&gt;&lt;/mtd&gt;&lt;/mlabeledtr&gt;&lt;/mtable&gt;&lt;/math&gt;"><span id="MathJax-Span-626" class="math"><span id="MathJax-Span-627" class="mrow"><span id="MathJax-Span-628" class="mtable"><span id="MathJax-Span-632" class="mtd"><span id="MathJax-Span-633" class="mrow"><span id="MathJax-Span-634" class="munderover"><span id="MathJax-Span-635" class="mo">lim</span><span id="MathJax-Span-636" class="texatom"><span id="MathJax-Span-637" class="mrow"><span id="MathJax-Span-638" class="mi">x</span><span id="MathJax-Span-639" class="mo">&rarr;</span><span id="MathJax-Span-640" class="mn">3</span></span></span></span><span id="MathJax-Span-641" class="mfrac"><span id="MathJax-Span-642" class="mrow"><span id="MathJax-Span-643" class="msubsup"><span id="MathJax-Span-644" class="mi">x</span><span id="MathJax-Span-645" class="mn">2</span></span><span id="MathJax-Span-646" class="mo">&minus;</span><span id="MathJax-Span-647" class="mi">x</span><span id="MathJax-Span-648" class="mo">&minus;</span><span id="MathJax-Span-649" class="mn">6</span></span><span id="MathJax-Span-650" class="mrow"><span id="MathJax-Span-651" class="mn">6</span><span id="MathJax-Span-652" class="msubsup"><span id="MathJax-Span-653" class="mi">x</span><span id="MathJax-Span-654" class="mn">2</span></span><span id="MathJax-Span-655" class="mo">&minus;</span><span id="MathJax-Span-656" class="mn">19</span><span id="MathJax-Span-657" class="mi">x</span><span id="MathJax-Span-658" class="mo">+</span><span id="MathJax-Span-659" class="mn">3</span></span></span><span id="MathJax-Span-660" class="mo">&asymp;</span><span id="MathJax-Span-661" class="mn">0.294.</span></span></span><span id="mjx-eqn-1.1.4" class="mtd"><span id="MathJax-Span-630" class="mrow"><span id="MathJax-Span-631" class="mtext">(1.1.4)</span></span></span></span></span></span><span class="MJX_Assistive_MathML MJX_Assistive_MathML_Block" role="presentation">(1.1.4)limx&rarr;3x2&minus;x&minus;66x2&minus;19x+3&asymp;0.294.</span></span></div>\r\n<p>&nbsp;</p>\r\n</div>\r\n<p class="lt-math-4150">This example may bring up a few questions about approximating limits (and the nature of limits themselves).</p>\r\n<ol>\r\n<li class="lt-math-4150">If a graph does not produce as good an approximation as a table, why bother with it?</li>\r\n<li class="lt-math-4150">How many values of&nbsp;<span id="MathJax-Element-110-Frame" class="MathJax" style="display: inline-table; font-style: normal; font-weight: normal; line-height: normal; font-size: 17.6px; text-indent: 0px; text-align: left; text-transform: none; letter-spacing: normal; word-spacing: normal; overflow-wrap: normal; white-space: nowrap; float: none; direction: ltr; max-width: none; max-height: none; min-width: 0px; min-height: 0px; border: 0px; padding: 0px; margin: 0px; position: relative;" tabindex="0" role="presentation" data-mathml="&lt;math xmlns=&quot;http://www.w3.org/1998/Math/MathML&quot;&gt;&lt;mi&gt;x&lt;/mi&gt;&lt;/math&gt;"><span id="MathJax-Span-662" class="math"><span id="MathJax-Span-663" class="mrow"><span id="MathJax-Span-664" class="mi">x</span></span></span><span class="MJX_Assistive_MathML" role="presentation">x</span></span>&nbsp;in a table are "enough?\'\' In the previous example, could we have just used&nbsp;<span id="MathJax-Element-111-Frame" class="MathJax" style="display: inline-table; font-style: normal; font-weight: normal; line-height: normal; font-size: 17.6px; text-indent: 0px; text-align: left; text-transform: none; letter-spacing: normal; word-spacing: normal; overflow-wrap: normal; white-space: nowrap; float: none; direction: ltr; max-width: none; max-height: none; min-width: 0px; min-height: 0px; border: 0px; padding: 0px; margin: 0px; position: relative;" tabindex="0" role="presentation" data-mathml="&lt;math xmlns=&quot;http://www.w3.org/1998/Math/MathML&quot;&gt;&lt;mi&gt;x&lt;/mi&gt;&lt;mo&gt;=&lt;/mo&gt;&lt;mn&gt;3.001&lt;/mn&gt;&lt;/math&gt;"><span id="MathJax-Span-665" class="math"><span id="MathJax-Span-666" class="mrow"><span id="MathJax-Span-667" class="mi">x</span><span id="MathJax-Span-668" class="mo">=</span><span id="MathJax-Span-669" class="mn">3.001</span></span></span><span class="MJX_Assistive_MathML" role="presentation">x=3.001</span></span>&nbsp;and found a fine approximation?</li>\r\n</ol>\r\n<p class="lt-math-4150">Graphs are useful since they give a visual understanding concerning the behavior of a function. Sometimes a function may act "erratically\'\' near certain&nbsp;<span id="MathJax-Element-112-Frame" class="MathJax" style="display: inline-table; font-style: normal; font-weight: normal; line-height: normal; font-size: 17.6px; text-indent: 0px; text-align: left; text-transform: none; letter-spacing: normal; word-spacing: normal; overflow-wrap: normal; white-space: nowrap; float: none; direction: ltr; max-width: none; max-height: none; min-width: 0px; min-height: 0px; border: 0px; padding: 0px; margin: 0px; position: relative;" tabindex="0" role="presentation" data-mathml="&lt;math xmlns=&quot;http://www.w3.org/1998/Math/MathML&quot;&gt;&lt;mi&gt;x&lt;/mi&gt;&lt;/math&gt;"><span id="MathJax-Span-670" class="math"><span id="MathJax-Span-671" class="mrow"><span id="MathJax-Span-672" class="mi">x</span></span></span><span class="MJX_Assistive_MathML" role="presentation">x</span></span>&nbsp;values which is hard to discern numerically but very plain graphically. Since graphing utilities are very accessible, it makes sense to make proper use of them.</p>\r\n<p class="lt-math-4150">Since tables and graphs are used only to&nbsp;<em>approximate</em>&nbsp;the value of a limit, there is not a firm answer to how many data points are "enough.\'\' Include enough so that a trend is clear, and use values (when possible) both less than and greater than the value in question. In Example 1, we used both values less than and greater than 3. Had we used just&nbsp;<span id="MathJax-Element-113-Frame" class="MathJax" style="display: inline-table; font-style: normal; font-weight: normal; line-height: normal; font-size: 17.6px; text-indent: 0px; text-align: left; text-transform: none; letter-spacing: normal; word-spacing: normal; overflow-wrap: normal; white-space: nowrap; float: none; direction: ltr; max-width: none; max-height: none; min-width: 0px; min-height: 0px; border: 0px; padding: 0px; margin: 0px; position: relative;" tabindex="0" role="presentation" data-mathml="&lt;math xmlns=&quot;http://www.w3.org/1998/Math/MathML&quot;&gt;&lt;mi&gt;x&lt;/mi&gt;&lt;mo&gt;=&lt;/mo&gt;&lt;mn&gt;3.001&lt;/mn&gt;&lt;/math&gt;"><span id="MathJax-Span-673" class="math"><span id="MathJax-Span-674" class="mrow"><span id="MathJax-Span-675" class="mi">x</span><span id="MathJax-Span-676" class="mo">=</span><span id="MathJax-Span-677" class="mn">3.001</span></span></span><span class="MJX_Assistive_MathML" role="presentation">x=3.001</span></span>, we might have been tempted to conclude that the limit had a value of&nbsp;<span id="MathJax-Element-114-Frame" class="MathJax" style="display: inline-table; font-style: normal; font-weight: normal; line-height: normal; font-size: 17.6px; text-indent: 0px; text-align: left; text-transform: none; letter-spacing: normal; word-spacing: normal; overflow-wrap: normal; white-space: nowrap; float: none; direction: ltr; max-width: none; max-height: none; min-width: 0px; min-height: 0px; border: 0px; padding: 0px; margin: 0px; position: relative;" tabindex="0" role="presentation" data-mathml="&lt;math xmlns=&quot;http://www.w3.org/1998/Math/MathML&quot;&gt;&lt;mn&gt;0.3&lt;/mn&gt;&lt;/math&gt;"><span id="MathJax-Span-678" class="math"><span id="MathJax-Span-679" class="mrow"><span id="MathJax-Span-680" class="mn">0.3</span></span></span><span class="MJX_Assistive_MathML" role="presentation">0.3</span></span>. While this is not far off, we could do better. Using values "on both sides of 3\'\' helps us identify trends.</p>\r\n<div class="box-example">\r\n<p class="box-legend lt-math-4150">Example 2: Approximating the value of a limit</p>\r\n<p class="lt-math-4150">Graphically and numerically approximate the limit of&nbsp;<span id="MathJax-Element-115-Frame" class="MathJax" style="display: inline-table; font-style: normal; font-weight: normal; line-height: normal; font-size: 17.6px; text-indent: 0px; text-align: left; text-transform: none; letter-spacing: normal; word-spacing: normal; overflow-wrap: normal; white-space: nowrap; float: none; direction: ltr; max-width: none; max-height: none; min-width: 0px; min-height: 0px; border: 0px; padding: 0px; margin: 0px; position: relative;" tabindex="0" role="presentation" data-mathml="&lt;math xmlns=&quot;http://www.w3.org/1998/Math/MathML&quot;&gt;&lt;mi&gt;f&lt;/mi&gt;&lt;mo stretchy=&quot;false&quot;&gt;(&lt;/mo&gt;&lt;mi&gt;x&lt;/mi&gt;&lt;mo stretchy=&quot;false&quot;&gt;)&lt;/mo&gt;&lt;/math&gt;"><span id="MathJax-Span-681" class="math"><span id="MathJax-Span-682" class="mrow"><span id="MathJax-Span-683" class="mi">f</span><span id="MathJax-Span-684" class="mo">(</span><span id="MathJax-Span-685" class="mi">x</span><span id="MathJax-Span-686" class="mo">)</span></span></span><span class="MJX_Assistive_MathML" role="presentation">f(x)</span></span>&nbsp;as&nbsp;<span id="MathJax-Element-116-Frame" class="MathJax" style="display: inline-table; font-style: normal; font-weight: normal; line-height: normal; font-size: 17.6px; text-indent: 0px; text-align: left; text-transform: none; letter-spacing: normal; word-spacing: normal; overflow-wrap: normal; white-space: nowrap; float: none; direction: ltr; max-width: none; max-height: none; min-width: 0px; min-height: 0px; border: 0px; padding: 0px; margin: 0px; position: relative;" tabindex="0" role="presentation" data-mathml="&lt;math xmlns=&quot;http://www.w3.org/1998/Math/MathML&quot;&gt;&lt;mi&gt;x&lt;/mi&gt;&lt;/math&gt;"><span id="MathJax-Span-687" class="math"><span id="MathJax-Span-688" class="mrow"><span id="MathJax-Span-689" class="mi">x</span></span></span><span class="MJX_Assistive_MathML" role="presentation">x</span></span>&nbsp;approaches 0, where</p>\r\n<p class="lt-math-4150">&nbsp;</p>\r\n<div class="MathJax_Display"><span id="MathJax-Element-117-Frame" class="MathJax MathJax_FullWidth" style="display: inline-table; font-style: normal; font-weight: normal; line-height: normal; font-size: 17.6px; text-indent: 0px; text-align: center; text-transform: none; letter-spacing: normal; word-spacing: normal; overflow-wrap: normal; white-space: nowrap; float: none; direction: ltr; max-width: none; max-height: none; min-width: 0px; min-height: 0px; border: 0px; padding: 0px; margin: 0px; width: 10000em !important; position: relative;" tabindex="0" role="presentation" data-mathml="&lt;math xmlns=&quot;http://www.w3.org/1998/Math/MathML&quot; display=&quot;block&quot;&gt;&lt;mtable displaystyle=&quot;true&quot;&gt;&lt;mlabeledtr&gt;&lt;mtd id=&quot;mjx-eqn-1.1.5&quot;&gt;&lt;mtext&gt;(1.1.5)&lt;/mtext&gt;&lt;/mtd&gt;&lt;mtd&gt;&lt;mi&gt;f&lt;/mi&gt;&lt;mo stretchy=&quot;false&quot;&gt;(&lt;/mo&gt;&lt;mi&gt;x&lt;/mi&gt;&lt;mo stretchy=&quot;false&quot;&gt;)&lt;/mo&gt;&lt;mo&gt;=&lt;/mo&gt;&lt;mrow&gt;&lt;mo&gt;{&lt;/mo&gt;&lt;mtable columnalign=&quot;right left&quot; rowspacing=&quot;4pt&quot; columnspacing=&quot;1em&quot;&gt;&lt;mtr&gt;&lt;mtd&gt;&lt;mi&gt;x&lt;/mi&gt;&lt;mo&gt;+&lt;/mo&gt;&lt;mn&gt;1&lt;/mn&gt;&lt;/mtd&gt;&lt;mtd&gt;&lt;mi&gt;x&lt;/mi&gt;&lt;mo&gt;&amp;lt;&lt;/mo&gt;&lt;mn&gt;0&lt;/mn&gt;&lt;/mtd&gt;&lt;/mtr&gt;&lt;mtr&gt;&lt;mtd&gt;&lt;mo&gt;&amp;#x2212;&lt;/mo&gt;&lt;msup&gt;&lt;mi&gt;x&lt;/mi&gt;&lt;mn&gt;2&lt;/mn&gt;&lt;/msup&gt;&lt;mo&gt;+&lt;/mo&gt;&lt;mn&gt;1&lt;/mn&gt;&lt;/mtd&gt;&lt;mtd&gt;&lt;mi&gt;x&lt;/mi&gt;&lt;mo&gt;&amp;gt;&lt;/mo&gt;&lt;mn&gt;0&lt;/mn&gt;&lt;/mtd&gt;&lt;/mtr&gt;&lt;/mtable&gt;&lt;mo fence=&quot;true&quot; stretchy=&quot;true&quot; symmetric=&quot;true&quot;&gt;&lt;/mo&gt;&lt;/mrow&gt;&lt;/mtd&gt;&lt;/mlabeledtr&gt;&lt;/mtable&gt;&lt;/math&gt;"><span id="MathJax-Span-690" class="math"><span id="MathJax-Span-691" class="mrow"><span id="MathJax-Span-692" class="mtable"><span id="MathJax-Span-696" class="mtd"><span id="MathJax-Span-697" class="mrow"><span id="MathJax-Span-698" class="mi">f</span><span id="MathJax-Span-699" class="mo">(</span><span id="MathJax-Span-700" class="mi">x</span><span id="MathJax-Span-701" class="mo">)</span><span id="MathJax-Span-702" class="mo">=</span><span id="MathJax-Span-703" class="mrow"><span id="MathJax-Span-704" class="mo">{</span><span id="MathJax-Span-705" class="mtable"><span id="MathJax-Span-706" class="mtd"><span id="MathJax-Span-707" class="mrow"><span id="MathJax-Span-708" class="mi">x</span><span id="MathJax-Span-709" class="mo">+</span><span id="MathJax-Span-710" class="mn">1</span></span></span><span id="MathJax-Span-716" class="mtd"><span id="MathJax-Span-717" class="mrow"><span id="MathJax-Span-718" class="mo">&minus;</span><span id="MathJax-Span-719" class="msubsup"><span id="MathJax-Span-720" class="mi">x</span><span id="MathJax-Span-721" class="mn">2</span></span><span id="MathJax-Span-722" class="mo">+</span><span id="MathJax-Span-723" class="mn">1</span></span></span><span id="MathJax-Span-711" class="mtd"><span id="MathJax-Span-712" class="mrow"><span id="MathJax-Span-713" class="mi">x</span><span id="MathJax-Span-714" class="mo">&lt;</span><span id="MathJax-Span-715" class="mn">0</span></span></span><span id="MathJax-Span-724" class="mtd"><span id="MathJax-Span-725" class="mrow"><span id="MathJax-Span-726" class="mi">x</span><span id="MathJax-Span-727" class="mo">&gt;</span><span id="MathJax-Span-728" class="mn">0</span></span></span></span><span id="MathJax-Span-729" class="mo"></span></span></span></span><span id="mjx-eqn-1.1.5" class="mtd"><span id="MathJax-Span-694" class="mrow"><span id="MathJax-Span-695" class="mtext">(1.1.5)</span></span></span></span></span></span><span class="MJX_Assistive_MathML MJX_Assistive_MathML_Block" role="presentation">(1.1.5)f(x)={x+1x&lt;0&minus;x2+1x&gt;0</span></span></div>\r\n<p>&nbsp;</p>\r\n<p class="lt-math-4150"><strong>Solution:</strong><br>Again we graph&nbsp;<span id="MathJax-Element-118-Frame" class="MathJax" style="display: inline-table; font-style: normal; font-weight: normal; line-height: normal; font-size: 17.6px; text-indent: 0px; text-align: left; text-transform: none; letter-spacing: normal; word-spacing: normal; overflow-wrap: normal; white-space: nowrap; float: none; direction: ltr; max-width: none; max-height: none; min-width: 0px; min-height: 0px; border: 0px; padding: 0px; margin: 0px; position: relative;" tabindex="0" role="presentation" data-mathml="&lt;math xmlns=&quot;http://www.w3.org/1998/Math/MathML&quot;&gt;&lt;mi&gt;f&lt;/mi&gt;&lt;mo stretchy=&quot;false&quot;&gt;(&lt;/mo&gt;&lt;mi&gt;x&lt;/mi&gt;&lt;mo stretchy=&quot;false&quot;&gt;)&lt;/mo&gt;&lt;/math&gt;"><span id="MathJax-Span-730" class="math"><span id="MathJax-Span-731" class="mrow"><span id="MathJax-Span-732" class="mi">f</span><span id="MathJax-Span-733" class="mo">(</span><span id="MathJax-Span-734" class="mi">x</span><span id="MathJax-Span-735" class="mo">)</span></span></span><span class="MJX_Assistive_MathML" role="presentation">f(x)</span></span>&nbsp;and create a table of its values near&nbsp;<span id="MathJax-Element-119-Frame" class="MathJax" style="display: inline-table; font-style: normal; font-weight: normal; line-height: normal; font-size: 17.6px; text-indent: 0px; text-align: left; text-transform: none; letter-spacing: normal; word-spacing: normal; overflow-wrap: normal; white-space: nowrap; float: none; direction: ltr; max-width: none; max-height: none; min-width: 0px; min-height: 0px; border: 0px; padding: 0px; margin: 0px; position: relative;" tabindex="0" role="presentation" data-mathml="&lt;math xmlns=&quot;http://www.w3.org/1998/Math/MathML&quot;&gt;&lt;mi&gt;x&lt;/mi&gt;&lt;mo&gt;=&lt;/mo&gt;&lt;mn&gt;0&lt;/mn&gt;&lt;/math&gt;"><span id="MathJax-Span-736" class="math"><span id="MathJax-Span-737" class="mrow"><span id="MathJax-Span-738" class="mi">x</span><span id="MathJax-Span-739" class="mo">=</span><span id="MathJax-Span-740" class="mn">0</span></span></span><span class="MJX_Assistive_MathML" role="presentation">x=0</span></span>&nbsp;to approximate the limit. Note that this is a piecewise defined function, so it behaves differently on either side of 0. Figure 1.7 shows a graph of&nbsp;<span id="MathJax-Element-120-Frame" class="MathJax" style="display: inline-table; font-style: normal; font-weight: normal; line-height: normal; font-size: 17.6px; text-indent: 0px; text-align: left; text-transform: none; letter-spacing: normal; word-spacing: normal; overflow-wrap: normal; white-space: nowrap; float: none; direction: ltr; max-width: none; max-height: none; min-width: 0px; min-height: 0px; border: 0px; padding: 0px; margin: 0px; position: relative;" tabindex="0" role="presentation" data-mathml="&lt;math xmlns=&quot;http://www.w3.org/1998/Math/MathML&quot;&gt;&lt;mi&gt;f&lt;/mi&gt;&lt;mo stretchy=&quot;false&quot;&gt;(&lt;/mo&gt;&lt;mi&gt;x&lt;/mi&gt;&lt;mo stretchy=&quot;false&quot;&gt;)&lt;/mo&gt;&lt;/math&gt;"><span id="MathJax-Span-741" class="math"><span id="MathJax-Span-742" class="mrow"><span id="MathJax-Span-743" class="mi">f</span><span id="MathJax-Span-744" class="mo">(</span><span id="MathJax-Span-745" class="mi">x</span><span id="MathJax-Span-746" class="mo">)</span></span></span><span class="MJX_Assistive_MathML" role="presentation">f(x)</span></span>, and on either side of 0 it seems the&nbsp;<span id="MathJax-Element-121-Frame" class="MathJax" style="display: inline-table; font-style: normal; font-weight: normal; line-height: normal; font-size: 17.6px; text-indent: 0px; text-align: left; text-transform: none; letter-spacing: normal; word-spacing: normal; overflow-wrap: normal; white-space: nowrap; float: none; direction: ltr; max-width: none; max-height: none; min-width: 0px; min-height: 0px; border: 0px; padding: 0px; margin: 0px; position: relative;" tabindex="0" role="presentation" data-mathml="&lt;math xmlns=&quot;http://www.w3.org/1998/Math/MathML&quot;&gt;&lt;mi&gt;y&lt;/mi&gt;&lt;/math&gt;"><span id="MathJax-Span-747" class="math"><span id="MathJax-Span-748" class="mrow"><span id="MathJax-Span-749" class="mi">y</span></span></span><span class="MJX_Assistive_MathML" role="presentation">y</span></span>&nbsp;values approach 1. Note that&nbsp;<span id="MathJax-Element-122-Frame" class="MathJax" style="display: inline-table; font-style: normal; font-weight: normal; line-height: normal; font-size: 17.6px; text-indent: 0px; text-align: left; text-transform: none; letter-spacing: normal; word-spacing: normal; overflow-wrap: normal; white-space: nowrap; float: none; direction: ltr; max-width: none; max-height: none; min-width: 0px; min-height: 0px; border: 0px; padding: 0px; margin: 0px; position: relative;" tabindex="0" role="presentation" data-mathml="&lt;math xmlns=&quot;http://www.w3.org/1998/Math/MathML&quot;&gt;&lt;mi&gt;f&lt;/mi&gt;&lt;mo stretchy=&quot;false&quot;&gt;(&lt;/mo&gt;&lt;mn&gt;0&lt;/mn&gt;&lt;mo stretchy=&quot;false&quot;&gt;)&lt;/mo&gt;&lt;/math&gt;"><span id="MathJax-Span-750" class="math"><span id="MathJax-Span-751" class="mrow"><span id="MathJax-Span-752" class="mi">f</span><span id="MathJax-Span-753" class="mo">(</span><span id="MathJax-Span-754" class="mn">0</span><span id="MathJax-Span-755" class="mo">)</span></span></span><span class="MJX_Assistive_MathML" role="presentation">f(0)</span></span>&nbsp;is not actually defined, as indicated in the graph with the open circle.</p>\r\n<p class="mt-align-center lt-math-4150"><img class="internal" src="https://math.libretexts.org/@api/deki/files/3600/1.7.png?revision=1&amp;size=bestfit&amp;width=397&amp;height=391" alt="alt" width="397px" height="391px" loading="lazy"><br><span id="MathJax-Element-123-Frame" class="MathJax" style="display: inline-table; font-style: normal; font-weight: normal; line-height: normal; font-size: 17.6px; text-indent: 0px; text-align: left; text-transform: none; letter-spacing: normal; word-spacing: normal; overflow-wrap: normal; white-space: nowrap; float: none; direction: ltr; max-width: none; max-height: none; min-width: 0px; min-height: 0px; border: 0px; padding: 0px; margin: 0px; position: relative;" tabindex="0" role="presentation" data-mathml="&lt;math xmlns=&quot;http://www.w3.org/1998/Math/MathML&quot;&gt;&lt;mtext&gt;FIGURE 1.7&lt;/mtext&gt;&lt;/math&gt;"><span id="MathJax-Span-756" class="math"><span id="MathJax-Span-757" class="mrow"><span id="MathJax-Span-758" class="mtext">FIGURE 1.7</span></span></span><span class="MJX_Assistive_MathML" role="presentation">FIGURE 1.7</span></span>: Graphically approximating a limit in Example 2.</p>\r\n<p class="mt-align-center lt-math-4150"><img class="internal" src="https://math.libretexts.org/@api/deki/files/3601/1.8.png?revision=1&amp;size=bestfit&amp;width=198&amp;height=200" alt="alt" width="198px" height="200px" loading="lazy"><br><span id="MathJax-Element-124-Frame" class="MathJax" style="display: inline-table; font-style: normal; font-weight: normal; line-height: normal; font-size: 17.6px; text-indent: 0px; text-align: left; text-transform: none; letter-spacing: normal; word-spacing: normal; overflow-wrap: normal; white-space: nowrap; float: none; direction: ltr; max-width: none; max-height: none; min-width: 0px; min-height: 0px; border: 0px; padding: 0px; margin: 0px; position: relative;" tabindex="0" role="presentation" data-mathml="&lt;math xmlns=&quot;http://www.w3.org/1998/Math/MathML&quot;&gt;&lt;mtext&gt;FIGURE 1.8&lt;/mtext&gt;&lt;/math&gt;"><span id="MathJax-Span-759" class="math"><span id="MathJax-Span-760" class="mrow"><span id="MathJax-Span-761" class="mtext">FIGURE 1.8</span></span></span><span class="MJX_Assistive_MathML" role="presentation">FIGURE 1.8</span></span>: Numerically approximating a limit in Example 2.</p>\r\n<p class="lt-math-4150">The table shown in Figure 1.8 shows values of&nbsp;<span id="MathJax-Element-125-Frame" class="MathJax" style="display: inline-table; font-style: normal; font-weight: normal; line-height: normal; font-size: 17.6px; text-indent: 0px; text-align: left; text-transform: none; letter-spacing: normal; word-spacing: normal; overflow-wrap: normal; white-space: nowrap; float: none; direction: ltr; max-width: none; max-height: none; min-width: 0px; min-height: 0px; border: 0px; padding: 0px; margin: 0px; position: relative;" tabindex="0" role="presentation" data-mathml="&lt;math xmlns=&quot;http://www.w3.org/1998/Math/MathML&quot;&gt;&lt;mi&gt;f&lt;/mi&gt;&lt;mo stretchy=&quot;false&quot;&gt;(&lt;/mo&gt;&lt;mi&gt;x&lt;/mi&gt;&lt;mo stretchy=&quot;false&quot;&gt;)&lt;/mo&gt;&lt;/math&gt;"><span id="MathJax-Span-762" class="math"><span id="MathJax-Span-763" class="mrow"><span id="MathJax-Span-764" class="mi">f</span><span id="MathJax-Span-765" class="mo">(</span><span id="MathJax-Span-766" class="mi">x</span><span id="MathJax-Span-767" class="mo">)</span></span></span><span class="MJX_Assistive_MathML" role="presentation">f(x)</span></span>&nbsp;for values of&nbsp;<span id="MathJax-Element-126-Frame" class="MathJax" style="display: inline-table; font-style: normal; font-weight: normal; line-height: normal; font-size: 17.6px; text-indent: 0px; text-align: left; text-transform: none; letter-spacing: normal; word-spacing: normal; overflow-wrap: normal; white-space: nowrap; float: none; direction: ltr; max-width: none; max-height: none; min-width: 0px; min-height: 0px; border: 0px; padding: 0px; margin: 0px; position: relative;" tabindex="0" role="presentation" data-mathml="&lt;math xmlns=&quot;http://www.w3.org/1998/Math/MathML&quot;&gt;&lt;mi&gt;x&lt;/mi&gt;&lt;/math&gt;"><span id="MathJax-Span-768" class="math"><span id="MathJax-Span-769" class="mrow"><span id="MathJax-Span-770" class="mi">x</span></span></span><span class="MJX_Assistive_MathML" role="presentation">x</span></span>&nbsp;near 0. It is clear that as&nbsp;<span id="MathJax-Element-127-Frame" class="MathJax" style="display: inline-table; font-style: normal; font-weight: normal; line-height: normal; font-size: 17.6px; text-indent: 0px; text-align: left; text-transform: none; letter-spacing: normal; word-spacing: normal; overflow-wrap: normal; white-space: nowrap; float: none; direction: ltr; max-width: none; max-height: none; min-width: 0px; min-height: 0px; border: 0px; padding: 0px; margin: 0px; position: relative;" tabindex="0" role="presentation" data-mathml="&lt;math xmlns=&quot;http://www.w3.org/1998/Math/MathML&quot;&gt;&lt;mi&gt;x&lt;/mi&gt;&lt;/math&gt;"><span id="MathJax-Span-771" class="math"><span id="MathJax-Span-772" class="mrow"><span id="MathJax-Span-773" class="mi">x</span></span></span><span class="MJX_Assistive_MathML" role="presentation">x</span></span>&nbsp;takes on values very near 0,&nbsp;<span id="MathJax-Element-128-Frame" class="MathJax" style="display: inline-table; font-style: normal; font-weight: normal; line-height: normal; font-size: 17.6px; text-indent: 0px; text-align: left; text-transform: none; letter-spacing: normal; word-spacing: normal; overflow-wrap: normal; white-space: nowrap; float: none; direction: ltr; max-width: none; max-height: none; min-width: 0px; min-height: 0px; border: 0px; padding: 0px; margin: 0px; position: relative;" tabindex="0" role="presentation" data-mathml="&lt;math xmlns=&quot;http://www.w3.org/1998/Math/MathML&quot;&gt;&lt;mi&gt;f&lt;/mi&gt;&lt;mo stretchy=&quot;false&quot;&gt;(&lt;/mo&gt;&lt;mi&gt;x&lt;/mi&gt;&lt;mo stretchy=&quot;false&quot;&gt;)&lt;/mo&gt;&lt;/math&gt;"><span id="MathJax-Span-774" class="math"><span id="MathJax-Span-775" class="mrow"><span id="MathJax-Span-776" class="mi">f</span><span id="MathJax-Span-777" class="mo">(</span><span id="MathJax-Span-778" class="mi">x</span><span id="MathJax-Span-779" class="mo">)</span></span></span><span class="MJX_Assistive_MathML" role="presentation">f(x)</span></span>&nbsp;takes on values very near 1. It turns out that if we let&nbsp;<span id="MathJax-Element-129-Frame" class="MathJax" style="display: inline-table; font-style: normal; font-weight: normal; line-height: normal; font-size: 17.6px; text-indent: 0px; text-align: left; text-transform: none; letter-spacing: normal; word-spacing: normal; overflow-wrap: normal; white-space: nowrap; float: none; direction: ltr; max-width: none; max-height: none; min-width: 0px; min-height: 0px; border: 0px; padding: 0px; margin: 0px; position: relative;" tabindex="0" role="presentation" data-mathml="&lt;math xmlns=&quot;http://www.w3.org/1998/Math/MathML&quot;&gt;&lt;mi&gt;x&lt;/mi&gt;&lt;mo&gt;=&lt;/mo&gt;&lt;mn&gt;0&lt;/mn&gt;&lt;/math&gt;"><span id="MathJax-Span-780" class="math"><span id="MathJax-Span-781" class="mrow"><span id="MathJax-Span-782" class="mi">x</span><span id="MathJax-Span-783" class="mo">=</span><span id="MathJax-Span-784" class="mn">0</span></span></span><span class="MJX_Assistive_MathML" role="presentation">x=0</span></span>&nbsp;for either "piece\'\' of&nbsp;<span id="MathJax-Element-130-Frame" class="MathJax" style="display: inline-table; font-style: normal; font-weight: normal; line-height: normal; font-size: 17.6px; text-indent: 0px; text-align: left; text-transform: none; letter-spacing: normal; word-spacing: normal; overflow-wrap: normal; white-space: nowrap; float: none; direction: ltr; max-width: none; max-height: none; min-width: 0px; min-height: 0px; border: 0px; padding: 0px; margin: 0px; position: relative;" tabindex="0" role="presentation" data-mathml="&lt;math xmlns=&quot;http://www.w3.org/1998/Math/MathML&quot;&gt;&lt;mi&gt;f&lt;/mi&gt;&lt;mo stretchy=&quot;false&quot;&gt;(&lt;/mo&gt;&lt;mi&gt;x&lt;/mi&gt;&lt;mo stretchy=&quot;false&quot;&gt;)&lt;/mo&gt;&lt;/math&gt;"><span id="MathJax-Span-785" class="math"><span id="MathJax-Span-786" class="mrow"><span id="MathJax-Span-787" class="mi">f</span><span id="MathJax-Span-788" class="mo">(</span><span id="MathJax-Span-789" class="mi">x</span><span id="MathJax-Span-790" class="mo">)</span></span></span><span class="MJX_Assistive_MathML" role="presentation">f(x)</span></span>, 1 is returned; this is significant and we\'ll return to this idea later.</p>\r\n<p class="lt-math-4150">The graph and table allow us to say that&nbsp;<span id="MathJax-Element-131-Frame" class="MathJax" style="display: inline-table; font-style: normal; font-weight: normal; line-height: normal; font-size: 17.6px; text-indent: 0px; text-align: left; text-transform: none; letter-spacing: normal; word-spacing: normal; overflow-wrap: normal; white-space: nowrap; float: none; direction: ltr; max-width: none; max-height: none; min-width: 0px; min-height: 0px; border: 0px; padding: 0px; margin: 0px; position: relative;" tabindex="0" role="presentation" data-mathml="&lt;math xmlns=&quot;http://www.w3.org/1998/Math/MathML&quot;&gt;&lt;munder&gt;&lt;mo movablelimits=&quot;true&quot; form=&quot;prefix&quot;&gt;lim&lt;/mo&gt;&lt;mrow class=&quot;MJX-TeXAtom-ORD&quot;&gt;&lt;mi&gt;x&lt;/mi&gt;&lt;mo stretchy=&quot;false&quot;&gt;&amp;#x2192;&lt;/mo&gt;&lt;mn&gt;0&lt;/mn&gt;&lt;/mrow&gt;&lt;/munder&gt;&lt;mi&gt;f&lt;/mi&gt;&lt;mo stretchy=&quot;false&quot;&gt;(&lt;/mo&gt;&lt;mi&gt;x&lt;/mi&gt;&lt;mo stretchy=&quot;false&quot;&gt;)&lt;/mo&gt;&lt;mo&gt;&amp;#x2248;&lt;/mo&gt;&lt;mn&gt;1&lt;/mn&gt;&lt;/math&gt;"><span id="MathJax-Span-791" class="math"><span id="MathJax-Span-792" class="mrow"><span id="MathJax-Span-793" class="munderover"><span id="MathJax-Span-794" class="mo">lim</span><span id="MathJax-Span-795" class="texatom"><span id="MathJax-Span-796" class="mrow"><span id="MathJax-Span-797" class="mi">x</span><span id="MathJax-Span-798" class="mo">&rarr;</span><span id="MathJax-Span-799" class="mn">0</span></span></span></span><span id="MathJax-Span-800" class="mi">f</span><span id="MathJax-Span-801" class="mo">(</span><span id="MathJax-Span-802" class="mi">x</span><span id="MathJax-Span-803" class="mo">)</span><span id="MathJax-Span-804" class="mo">&asymp;</span><span id="MathJax-Span-805" class="mn">1</span></span></span><span class="MJX_Assistive_MathML" role="presentation">limx&rarr;0f(x)&asymp;1</span></span>; in fact, we are probably very sure it&nbsp;<em>equals</em>&nbsp;1.</p>\r\n</div>', '/Uploads/topic-53412-understanding-limit-notation.png', '23fdb2ea-cc30-11ec-a798-00d861bb616d'),
	('ae3977f3-cdd5-11ec-ab05-00d861bb616d', 'kawai no hito', '<p>yabai kono hito wa totemo kirei desu ne??? kono sailor no fuku wa totemo KAWAI AAAAAAAAA</p>', '\\Uploads\\topic-462-FRB6p9xUcAE-W6q.jpg', '2e5af722-cc26-11ec-a798-00d861bb616d');
/*!40000 ALTER TABLE `topics_tbl` ENABLE KEYS */;

-- Dumping structure for table learning_application_db.users_tbl
CREATE TABLE IF NOT EXISTS `users_tbl` (
  `user_uuid` varchar(36) NOT NULL DEFAULT uuid(),
  `full_name` varchar(128) NOT NULL,
  `username` varchar(64) NOT NULL,
  `email` varchar(64) NOT NULL,
  `password` varchar(128) NOT NULL,
  `is_admin` tinyint(1) NOT NULL DEFAULT 0,
  PRIMARY KEY (`user_uuid`) USING BTREE,
  UNIQUE KEY `email` (`email`),
  UNIQUE KEY `username` (`username`)
) ENGINE=InnoDB DEFAULT CHARSET=latin1;

-- Dumping data for table learning_application_db.users_tbl: ~2 rows (approximately)
/*!40000 ALTER TABLE `users_tbl` DISABLE KEYS */;
INSERT INTO `users_tbl` (`user_uuid`, `full_name`, `username`, `email`, `password`, `is_admin`) VALUES
	('4c624f0b-cbce-11ec-a798-00d861bb616d', 'Test Admin', 'testadmin', 'testadmin@gmail.com', '$2y$10$wV2xN/rti65mbf5CfBeJpOyAwU9P0VD5LUApcP5/Ytf/7EVAYlasm', 1),
	('6071bc0b-cc18-11ec-a798-00d861bb616d', 'Test Userz', 'testuser', 'testuser@gmail.com', '$2a$10$Cei89uLIkNPYctVcQV6LwuaguNXsbk9z21qoguy6J6G6uoAvm8aRW', 0);
/*!40000 ALTER TABLE `users_tbl` ENABLE KEYS */;

/*!40101 SET SQL_MODE=IFNULL(@OLD_SQL_MODE, '') */;
/*!40014 SET FOREIGN_KEY_CHECKS=IFNULL(@OLD_FOREIGN_KEY_CHECKS, 1) */;
/*!40101 SET CHARACTER_SET_CLIENT=@OLD_CHARACTER_SET_CLIENT */;
/*!40111 SET SQL_NOTES=IFNULL(@OLD_SQL_NOTES, 1) */;
